cookie_id,score
ck_315fb710a0e371e7,0.002070007270585974
ck_a76ee3b3e3e522fd,0.06825571446794562
ck_94c9a4d382689e82,0.02560876775555958
ck_8eaf9509ad9462a0,0.0021165820644679103
ck_9a88a5a989cb5bc6,0.03608522389575992
ck_15239ef0689c1a35,0.015884816361042383
ck_8de69cd219d3b87f,0.7198261689051446
ck_f92cd37022b0ce21,0.015380037539643074
ck_1a3ff7620580a514,0.005953098810857449
ck_397c03aa33a57310,0.09852998228052826
ck_a7cf6c3b322f6b7a,0.006902194272196101
ck_c39a9e75760e3201,0.003658557883133364
ck_88ab6d245228c38e,0.00160805162929888
ck_17733f75ebdea93e,0.0029079518321837483
ck_58eb871e8d7bed52,0.039251137802695506
ck_e55b7fa67db1ec27,0.002264569729083987
ck_62f5cfe22c952694,0.002674058625106674
ck_7fbb709a0fe95759,0.00602071548350593
ck_87abe9cd066a20fb,0.00690702915842799
ck_d58e058b5c553dd5,0.005606491813027898
ck_d27b872648b71202,0.0096909228952502
ck_4b4a3c5b95c55b43,0.001960725189758266
ck_66dd4f4b4127256d,0.0025792780887521904
ck_93cc12703b500613,0.05646072051533518
ck_d28806a2179092eb,0.9852428520827867
ck_0595c2a0c7881e05,0.008561457858281853
ck_50087d8666191144,0.22801036666409638
ck_b08b3f089138c901,0.019460713381894677
ck_fe3b67041dad2dd1,0.004276217168077868
ck_8449a28f7d475d93,0.01343530282074989
ck_8642e3b6d84f49d3,0.010638137003545847
ck_e49b5e4f2f2e79db,0.11726559442617746
ck_437afe412ea4259c,0.07805415774377954
ck_569b83668d74042d,0.8940756222476661
ck_233a487d31c3e631,0.9840762492237276
ck_1fca72e03143a645,0.9194757259232803
ck_79205e31223df2ad,0.012052125713323609
ck_9625a64406ea16e3,0.002556562907293805
ck_079bd18dacb704a8,0.04334752487956452
ck_4db6d4fd2b49aa81,0.0243820916464866
ck_0dbefdac0a1868fb,0.0019533839243847826
ck_24ff97ad90bdd69a,0.0492371260858577
ck_77f8c5042065d506,0.005944975130018193
ck_f11be8ce05382cec,0.0037552100890279943
ck_c9d72140b0389216,0.03529113988156746
ck_69eda24e931fb36a,0.002978837451444314
ck_ed471e496916ee15,0.0022254127599742345
ck_ff090498c4b17ac3,0.0077149839829410705
ck_c3c19d6a0720915c,0.0020174785848913177
ck_af02e1817cfa40b5,0.00523900897813536
ck_2df5a9fc87553eb1,0.00984910647958766
ck_4ac918e884cff336,0.018082089279731133
ck_ca149244b54ef3ad,0.0015112524680518254
ck_6babe5b8674ff51f,0.008396962557712793
ck_1573878386886290,0.00716829282304834
ck_3925f8565abb7fe4,0.0030963658302098187
ck_c4de808ae69c771f,0.005134217141364912
ck_a777c813551281fe,0.0025173952923350654
ck_df4424f6dd85080d,0.0260508814550166
ck_85e5494ec20383ae,0.012500345140238128
ck_f71a4094e889c3af,0.0024294605402831035
ck_f2f3cf9cd23b2809,0.01575553237004927
ck_18e2076397bcc211,0.017469480646806878
ck_c9f9fddef39bc664,0.020487826270660682
ck_7e826e233d6ea028,0.0040820220010516165
ck_62fd7eb46bee9210,0.010430125451741046
ck_206f8e3cd72768f3,0.03673084466965522
ck_aa295a11b0a6ab36,0.008640322813440912
ck_9a56739d81f84a53,0.002658255668543259
ck_aa075c418ed9fe5a,0.006060011228606465
ck_62b9fb3db284941b,0.004882582170941922
ck_f4f83b1403ebea46,0.022034918994610415
ck_16b66bd803288bc3,0.6216927203974507
ck_c4ca1434f3778f1d,0.9781495681227824
ck_1b823610371a29c0,0.006839834394469113
ck_c2bd5a722aa637d9,0.0031443577371183936
ck_7890208951df34f0,0.01595074135378689
ck_020eb0e454524ecd,0.005158009435625549
ck_3b66196ccf436c35,0.009283527816759302
ck_109fc467ec0a4af5,0.030691153829439117
ck_f3dcd818db92de7b,0.01774064800915165
ck_31e7742f160980ef,0.011496474664857034
ck_77fce5f86f00b8f4,0.17038754951600632
ck_46bc797b4d07d607,0.0021223025690918565
ck_37899b1b571b1c6b,0.01218791568374996
ck_ef8a6af43fedd464,0.0022158518709438995
ck_bcc8519fe8521038,0.026840328854890926
ck_90696b7182dd9129,0.012369268075883963
ck_4a24ad61d017e1ba,0.028676788678191994
ck_0acc3d8c67218b9d,0.0042799482546677595
ck_05c97fc9de11aba6,0.5389677444095261
ck_f8ac3a0500c0ec62,0.015097039031413207
ck_617b65141f546a1c,0.004092450468494386
ck_9d00823bf60388d7,0.013116477155948523
ck_123c15d93f1840f2,0.09315596491297168
ck_573feefba6bf78bb,0.030607646115578306
ck_b25657bd16739036,0.010259280765183102
ck_bd26d2bef14a8597,0.005389847141516888
ck_a553418f2fba1440,0.009522823378064343
ck_89f3e380b0686963,0.006109396504176583
ck_b359192aa659bdce,0.01039576509035673
ck_02241f3dc301bebf,0.017018841043185993
ck_5ccc1a1c78cb33ee,0.016536582744196303
ck_349cc5edda1b8853,0.01312845618582158
ck_e9f228845bf6e28b,0.07149898552417895
ck_0a45d033d4e280ea,0.009803379859186865
ck_7e63168dda612235,0.024832171480358232
ck_676fa5f6aae5475b,0.006336194578873767
ck_74b502b20690ccfe,0.015333649623960601
ck_073509af21dd7f5f,0.9096083968202923
ck_498a0acd450944d8,0.0026455882480195367
ck_7f15b50b29dead01,0.005869591804650167
ck_8089fe7403c5f537,0.009975942794195964
ck_05b2b04e11d9ae9c,0.015096310714458851
ck_31e70f2f04b48b88,0.00263982293771667
ck_994316fa5a02b319,0.0027467225527920028
ck_b76510998b9a2260,0.007587069917061413
ck_4db95c310e105d30,0.0028831291183337047
ck_6f730b77dc6cdb84,0.005650148273859701
ck_2493ee8e7b91d304,0.023426121403416024
ck_92d679d6ac7dcdcb,0.060635928269002846
ck_3a0e0200cbb185cb,0.005130770353068805
ck_0b2eeb4e00ff7955,0.014540396843660985
ck_9843d0e61c37ebe8,0.9768363571571566
ck_e61c8721e3ef1921,0.00651544556761956
ck_2e0eedaaf2980c2c,0.004940674353526842
ck_9036b2e5e9298a34,0.003805328643800219
ck_3265442528d51728,0.16966978530568283
ck_f2ddae2eb1cb29b4,0.002805667541248896
ck_6cfa71d27fc27f92,0.010037550494568507
ck_f3199fbe84a28b9a,0.01900642019819885
ck_b78d785ca3ef773a,0.0062509472545702795
ck_374865697f1480eb,0.02505306862513172
ck_06d0e4a9189302a9,0.07313285665581734
ck_9c9884b9bcaa552e,0.1498246544922528
ck_fd4cf578e87703ff,0.012563809293152756
ck_1917ef3e6e345549,0.061791954024509696
ck_e70418b00cbbbac9,0.01283401093025846
ck_a60388296a47062c,0.02558581892821001
ck_d598fe8d2c779ab9,0.02107218057300614
ck_646dc03de4c31803,0.8365375160883536
ck_e4fd8cbd842b6993,0.0030563858727898742
ck_2225b555aa2a42ed,0.020425358920286792
ck_6be8ae9d78148882,0.006597296044287769
ck_4199342d3aca74e8,0.028163197409865316
ck_779581adb573261f,0.008092186142109948
ck_bb303568b6915205,0.16747756374304182
ck_17c4296276448afe,0.0027033976054482802
ck_a60a61ac829252a0,0.006984527239898346
ck_6ea70950c1cae00b,0.8926470091518908
ck_1abb93f6924645e1,0.011478168190423113
ck_faab769cce19879a,0.04427558250409967
ck_d5b8e74e7ca6355a,0.024234980411484468
ck_f11f7691af16ad07,0.001983489827138614
ck_188fdf2be7c92e9d,0.9823246311004482
ck_4a103f8254b366f7,0.004435345545367377
ck_bfa17a0b1760e616,0.0024846038146821943
ck_a4d7f6a5869d440a,0.9315046100106315
ck_58e20f5a3e7f11b8,0.44360208608812945
ck_4becdd3d2696c7ba,0.006464137860336032
ck_dad5cf32ab9f243f,0.0033289116942401852
ck_7d9f73dc7c4f90c3,0.0535800276350577
ck_c19371047a2d011d,0.0027990069341666717
ck_247589ff532f7aa8,0.013102291210494915
ck_7a9f241d5f082567,0.0020571528698884577
ck_0a2b7078736b4dda,0.05368641794392903
ck_687b412e2aac7eb6,0.08802497949171281
ck_fce0b6855886a0b8,0.00926127589026455
ck_e291cc60920456d0,0.6165687438130781
ck_04219a7ea798db51,0.027573978752211098
ck_286bfd719836e9f3,0.06531119474627081
ck_55efc92394fee232,0.016612623761177486
ck_e36c8da1bd359960,0.04658825379565694
ck_34b0988a97d96902,0.011504454029822924
ck_e0fb11fc9dcb34e6,0.009871410601982298
ck_bcc9cbc9ed8b7c31,0.008216459591149406
ck_3df8da6f60a89a5b,0.01650616055036776
ck_b1495ee5c59a6b28,0.013545410293711448
ck_58f4c3ac61fda129,0.04715278826647219
ck_735f244b99e3aa8d,0.006486598220863915
ck_6b93bd8abf87b1d6,0.9297839761124147
ck_12107dacc6d05bd1,0.0026327876204619025
ck_f96db2a1f3448d1f,0.010013660351247409
ck_8fd91a3c99e19097,0.13798081712139848
ck_910205d25388a0ae,0.0032482585780320775
ck_d229dfa0e4442628,0.0017332722173483371
ck_7cdec61e1c488798,0.0790434217608875
ck_f66f06e24ff32671,0.01552495508661351
ck_350bf14e90b503f5,0.013098903626260566
ck_61fff5fdaadd394b,0.004464145535759
ck_e934f984bad2ff91,0.9063868426740542
ck_ff6a6d3547dd2d37,0.019913673560042373
ck_65ad9b15979e3247,0.01393315461694893
ck_bbe1a2ea5a403ad8,0.2462926575094943
ck_6f3a28eecd2c4031,0.008688170667956676
ck_a89b66665714058f,0.01818580993599416
ck_918c92182b6817cd,0.018129915350737384
ck_64f5eb4be9e7b8fa,0.7385313551807308
ck_d021fd497ea35fb2,0.009684288494404222
ck_004de16f7d8a42ae,0.01792415367799078
ck_a33d2325f86ab12d,0.0026339871013189835
ck_89790ff26c844bc6,0.0071287204565464
ck_e6e7257377c37b28,0.029779997280405802
ck_a2cc3910a641a808,0.432543194874326
ck_646e270e0195bf05,0.004514176820250962
ck_baba5d66def0d770,0.31440221863638174
ck_67cdcdda3033842d,0.08764322259811028
ck_b5c3075c811a2216,0.025530124481854283
ck_515379973a8044b8,0.00315592374257644
ck_c0ce85fb4109567d,0.021526369879512182
ck_fef850553862aaca,0.003569330575433487
ck_55d7217b0aff9fa2,0.002503654602229654
ck_8e139f8925ef7968,0.0074429003475859346
ck_9e35b908fca1e4d7,0.0023318020748783435
ck_59735f4ab2ad3da5,0.012873118029396832
ck_dc569c1167ccec0d,0.8143749739393534
ck_1dade5592f90a15c,0.037709524153013665
ck_793048d11fb8b328,0.107279334905565
ck_545b71eb4fa594b5,0.0027728467836680678
ck_bd30853e9a57b544,0.008537850983917666
ck_59f46321ecf6d306,0.007145152946916806
ck_260cfe9141d249f1,0.0936757741864211
ck_3365a0ad1a8aa83c,0.007092852092800699
ck_b0ef193195a2138b,0.008675121852345567
ck_0f909705e2e60f2f,0.0021618150182274136
ck_5a540b75c866166a,0.02459252371022063
ck_87c26b2f41025109,0.9664165702530259
ck_27acc9f320cda104,0.029082426294993892
ck_a27bc31eecd9cb9a,0.007599082639236847
ck_115d86fabde77b65,0.002180894297235109
ck_eeca179341d56f8a,0.7390413444924924
ck_8e5999c436cf037e,0.0030138630335366746
ck_510e7c5df1f95d90,0.9678627769993641
ck_f1acf73363925958,0.01556395693298781
ck_3c177f5970b68bd3,0.013381404303545244
ck_9cdfaa1c30cc9d32,0.002677909446694891
ck_c8efa1538b37c359,0.004112166236788365
ck_a8a2e296f9804bd7,0.02525021420724575
ck_91a0ca45f429568d,0.011436578055026757
ck_5fdf8a0bdbd3ed62,0.010305943737156514
ck_0f4e2ec66d50da5f,0.0035974745795862295
ck_28c53b214b2ee882,0.04567733036685754
ck_003148504557f720,0.03433320883482572
ck_01d840cffb870615,0.24940726412746347
ck_555848d51f4b5f35,0.013239482797543663
ck_df20cc23b8fb8e22,0.005831434871110182
ck_f9604adde929beff,0.002812566189682268
ck_d66952b03591bdec,0.0036700479752090286
ck_ddcac1ab765ff61a,0.00421281445426796
ck_347386629d96c664,0.010418669867272386
ck_ab01db9117acfe3d,0.008197061824657813
ck_58e5359efc52e0ad,0.004451339671833484
ck_1a524b5cc8da71b3,0.029996831694577387
ck_e9287b6d909d731f,0.004440060661509909
ck_bb41a66e3d90263b,0.17774372836672003
ck_e95c8cc1864bd584,0.0025433833833218627
ck_7a3f2961e9a8b6dc,0.003277271759992946
ck_378a9df82b1e0bee,0.1655097875051779
ck_42633573639a3f02,0.978344282535647
ck_2a5a4c18c2c7274b,0.012789181191440508
ck_77549c1a41f837c3,0.010708004604767788
ck_a26704b5b26258b7,0.005322117291885604
ck_9874ad160efddf50,0.0863738085696351
ck_9111e3a04b14dfba,0.023233242859673344
ck_651e076ee43aea85,0.005977687841633045
ck_391639c0f13932f3,0.002269177509446919
ck_02dbabda93c8c13d,0.02736717816568321
ck_0adcb1fffcb0a34b,0.011490498550433891
ck_7a43ef9c7b1c67b5,0.00233088489088351
ck_4b9dd69946438d0b,0.00899392440996544
ck_90bf017cdd37b66e,0.039857546757825726
ck_61c74163eb36556e,0.010948748469679729
ck_13376c59b5bd6943,0.002667792872243104
ck_62337eccb1672737,0.0037584976853156705
ck_16077934338472bf,0.0018700608227122568
ck_0d4dfd93086e7330,0.0062528196173036385
ck_3865b7525b910893,0.02384605759005117
ck_7e2ae8b69ebd5675,0.01136789929371031
ck_b4384b6c11766ce7,0.004160564853069966
ck_3d7fa32dfb9fc692,0.019342454562770922
ck_f4a6a7cadd6e0603,0.1226976251579068
ck_212525e2828a6c45,0.0038113636661299714
ck_33ad8d53394ba77a,0.8743151985699671
ck_a5051eafe8b51224,0.0058709476380138115
ck_f65e5ff7da565f91,0.004552898124502824
ck_5c37f7563fa7591d,0.0075127693751680545
ck_f1e0a006068aff29,0.01099352622683316
ck_c646cdead6fb79d0,0.00866862521349177
ck_f8b3cdffef535330,0.01944640026912329
ck_e5cdbe3aa12c97f6,0.00790697065450325
ck_986e4e61440506d0,0.40121926869802377
ck_6da9c5912e15d9a8,0.0022503679454091473
ck_51d842e6dae74c71,0.005358800648456644
ck_5fc65c24e0736d5d,0.9609814415564355
ck_babb95a76c69509d,0.04765917128711468
ck_86a2d852a9715432,0.07505372664998262
ck_db4083a0d043def8,0.03839958511541866
ck_96953b8945b7d403,0.008422783062442804
ck_7831ca5c31fb3859,0.04335253916577665
ck_60ac5e5f375daa38,0.009601487418541943
ck_05d44eb1f5f085ce,0.014595805886680534
ck_432cc19c7eeaa46e,0.01156436957109001
ck_7fc513033af061af,0.036766396987495883
ck_ada6ede84c111719,0.004159431580181598
ck_6343e0d3b1c2962b,0.011341194269519753
ck_010264ae04f2e902,0.17067466507197843
ck_e9dcf535f8c289eb,0.0517967990531636
ck_37143d9cc296e6fa,0.0077170325186120044
ck_61fa051192f3e810,0.0167057707120911
ck_f9f93d1d41be1468,0.5569645440175386
ck_c4f4f28457be8a74,0.0021517400696407637
ck_323a71f9452d21cb,0.9120143928142743
ck_170f4688e0acd875,0.17409001069032642
ck_869b1878d09d230d,0.10455785636259432
ck_2f6b33bf46976229,0.002410774899380386
ck_b11e22e75d9b99de,0.0020736066403580404
ck_123d75ffb75b606d,0.004473386518054494
ck_94295287a04c85d2,0.43436391677281316
ck_1b0434f096795328,0.0025997342154277935
ck_0a4e191cd0a57ce1,0.007119565738492211
ck_d2fbd0df99634676,0.012373552302146863
ck_d51df5e9fbbbcc94,0.00839600502026781
ck_2d3d7d64a6f443f8,0.016457395776151455
ck_731943c682c9394e,0.017354217714463195
ck_5ccc0c94e5e1f849,0.014288961649825491
ck_c3476080516db25d,0.025879422644395283
ck_5010ffb1c94187b5,0.0022825550138872715
ck_7ef666d67bc70223,0.010094068914580345
ck_c1b493527224a27a,0.0041190419824235535
ck_5d1e25d7acc5af9a,0.013408552677260826
ck_ec30b61cbf517db8,0.0021940895921608245
ck_79323eb5d2e5efae,0.0068180244071950865
ck_4085cd3bf2661518,0.009799820404392503
ck_2ca91214c357c072,0.029657066833988065
ck_7f3132d6be389657,0.056973946319163304
ck_e7a6b925c8f39a85,0.008168332067864912
ck_c886adec7bac250a,0.01478489959162905
ck_c3f360c2d0ea0a37,0.006841706291124813
ck_a7acd5b015823793,0.00597211419619894
ck_9d64187c0800f84e,0.04437732042420957
ck_5d4ed73b9efd7d11,0.005797102515138369
ck_874eca6776b34dec,0.002018037006933403
ck_96a9221a87be93c3,0.022927434957379096
ck_68dd79a51eabf5e6,0.026899133877210258
ck_8311cb6755b2016c,0.002580690327093825
ck_16fc77b2bcf5ec03,0.8699178757836616
ck_ad9e2088a33c8c72,0.0016481558490996126
ck_7176bbc97b1e42a1,0.002712376633750692
ck_80dfa54b30f65fff,0.8354667023772926
ck_31c54d540b128843,0.0028430751076373674
ck_43ea894480567274,0.018689022439693708
ck_9c9e8a38bd5a6c88,0.013206144237741557
ck_1c2dcae19539e148,0.014487166498448908
ck_b0fa8b84e94d8ae0,0.01480186588296683
ck_4ceb43ccd0a81c2f,0.008675582004147857
ck_ba845332b730b596,0.0026842936080950326
ck_73d3e8c6077f61e6,0.027809985533350318
ck_b5d0d223ef56473f,0.010190640881094047
ck_949f08f8e80e93ea,0.0068631472852091705
ck_73de0b49709e5f8c,0.004856797588843437
ck_b5935e9722a39819,0.03129885564733232
ck_96247fee0eb44420,0.0024256902004132965
ck_a6def1e4b2d57e0d,0.02411744774220279
ck_aecdc5a96321a2d8,0.01359101935711727
ck_bc61c59970f8de49,0.01993600277962973
ck_c43b4175fc9ac5bd,0.9076009827580283
ck_8ff7a9b23a55fd62,0.008878465471468843
ck_20c99b645f462449,0.00800270382927792
ck_a5ce2ae36fb410d9,0.002626334487739061
ck_96fb9bf556842bbc,0.009702182310694203
ck_b5e4c6dbbed1b773,0.02164148707518105
ck_2085433978e72ea9,0.01505276993819055
ck_2c6b174b063ec637,0.02325253958669627
ck_b20b81b88dabe28d,0.0029557355556615187
ck_243c18dbf150831c,0.002451844509232033
ck_2bb6a17e8eee35cc,0.03585072290531317
ck_66147fb994495396,0.039839253743160406
ck_73f124f075ede0fc,0.007019561508413347
ck_2e315f1b1e533dab,0.003383458460897176
ck_16c7bf94ed3e7a6f,0.0026852914099904524
ck_4a0eae220a762ac5,0.01092857355611114
ck_dc16f939c2f44ad8,0.06107065891543243
ck_817926b449754917,0.00820807496683491
ck_0c0dde42ab64ef87,0.009224677228597322
ck_cb3a40594da6a2ee,0.034274371448994014
ck_d0dc156441fcfdcb,0.017674732776367472
ck_66f0945add423e9e,0.005829421550433228
ck_a74f6a3030f5d495,0.023341495064638257
ck_1ae460f331e49ae2,0.09203238875703976
ck_2d177b2f4f0b40c9,0.08937156872342208
ck_92e474e4368c4791,0.08942911797626205
ck_3dee83fa2d109484,0.0027853119388632735
ck_80e5ea27848069fe,0.006433171762459218
ck_ed0c4a83701ca230,0.008362107874324422
ck_0b8b7c5c581fd161,0.0023027583956797227
ck_60bf8a2870956fb1,0.009694948223628277
ck_73a54b56a2bf35fe,0.7532714680527415
ck_2296d7a563424883,0.005142063777053863
ck_bc19c383560c7477,0.016030206884784317
ck_861d8e3d88f1079e,0.02871827985066811
ck_3f090fc96c24eb28,0.0027573329855892625
ck_9a6a1f8102febfca,0.015009324950637717
ck_541b6ad5d2fa5a39,0.009537360648518827
ck_a760d38d1bc4de97,0.0034390061930673205
ck_7dca4d7ee10b4eeb,0.002288627939956206
ck_15220e78d1545e40,0.046907200490070404
ck_ca24bb0de508efb0,0.018486887347471
ck_56b389627d8f02c5,0.8189843338706433
ck_48a6754977a44db0,0.0033759486023325785
ck_333a43ec339a04cb,0.03366945628678037
ck_f22aacaf86a65d7e,0.04321619126816861
ck_04bd8a1ffaf3ffd8,0.0026088132945589993
ck_2737a72de6b700f3,0.04897168710346651
ck_c35e03b0dd0c3454,0.010353335879155557
ck_e0571312f395cd94,0.008127233502959222
ck_09fab6b9825001b2,0.0035721182004179544
ck_18c3a095606209e8,0.015415901025909524
ck_2a97db9377d01e36,0.006372492851526616
ck_f29dbbfdd2786bd1,0.010590535191972792
ck_35d6c510ad29362e,0.8524718174428735
ck_5468fa99c945d785,0.026718485072867382
ck_6f8102f62c876cc9,0.013692320708597855
ck_91955aab3424ad16,0.0025983777306420493
ck_9a43c0c73a39d759,0.020050061702645002
ck_60b023af6d1e30bf,0.7834742841296805
ck_9704c5cf8659cedc,0.025992437484517412
ck_7e5f02b51b9f78bf,0.04740808506559848
ck_7d3a88d1aa649708,0.4109785597786117
ck_8250eddc1ecb07a0,0.03358903060708539
ck_d979ef95ee44023d,0.01670175260178266
ck_5e5461dac83531ac,0.018668952582092984
ck_d1bb8890081e0a31,0.008634537315049616
ck_32246c62640648d9,0.002596455730086908
ck_77a40c7d2f862a32,0.01348676929233095
ck_1c8b94efe9238f5b,0.0038998289560688176
ck_eaf3b6d11bc3cb11,0.002867388803175558
ck_a4a7ef3ad799c380,0.0031662612687501984
ck_d5bd8f68da073cd8,0.003910546851005835
ck_6e6258227fc8db7f,0.0029230824591942673
ck_c35d444e05799db6,0.020476824122752556
ck_74665e1209140ae8,0.01113118146948188
ck_353a272478f7e903,0.0028631639443529463
ck_a2c9796ea229a4e2,0.008874089284990866
ck_e0171f91cb3411fe,0.012868804488561134
ck_703499f5410280f7,0.0032941809744972232
ck_ae3a763997f8f385,0.03203576428771077
ck_f7ff94c3df5ac874,0.01378339486464657
ck_f3c16d8f747db046,0.05907134578332224
ck_7ef019ed77276496,0.005990836195957456
ck_d6a4faadab58a3de,0.007663597407106532
ck_ba7b78d31d74c794,0.011173848914169185
ck_36287d063350ce9d,0.005202742156699937
ck_5177fc7137ff26ce,0.002459082700266559
ck_dfd4e79aaa967b63,0.010706497576563228
ck_fb44d15fb93a7157,0.015061348419138313
ck_fca478361870a4ca,0.004312049921232786
ck_e57b94fe57341058,0.01028000611712512
ck_5448c946cc4758fe,0.02461096893558917
ck_c5ece5ffb8800ad4,0.0066603635621081386
ck_11cb98211b2ed134,0.8547581650794218
ck_f655399ac75c4450,0.009083900713097972
ck_c817259019588d30,0.011591344898263694
ck_8740a14d8096c6e1,0.007224701587309888
ck_0c5ba86f4e05b38d,0.010854533312670922
ck_ccc917533d4b73d4,0.013632123615742887
ck_9eb80edfa43203de,0.0035937585264400876
ck_d1a1cf4cf61d6801,0.02929589329057606
ck_b17c239f160e6017,0.006686641457247606
ck_410c3e13b48e0415,0.003019755871754347
ck_ab553954435e8854,0.8002428348936217
ck_bdbb4230c91e1604,0.011651490092532973
ck_8fd4937eadd64fb6,0.0022990058198153513
ck_e0e90b196bef3c11,0.0017739737877061471
ck_3dc4d464386f0eb2,0.01937804133239985
ck_51bbbf8f8e8ad005,0.9874093333762508
ck_c05737ab74cf03c6,0.1877234080724171
ck_dceabbe04d99afc2,0.0021981745897425796
ck_5b86fd14e85bc9c7,0.8829536835933043
ck_d4febf0083800424,0.005496584804427445
ck_77d9f86dcf251739,0.008812073607186678
ck_b4dcebc543deaafb,0.03814302433616727
ck_cb856e75c949b0cc,0.002092771885311034
ck_61b067de8ffc1ca1,0.027442502488863114
ck_c0e8560ccfd9dd9d,0.002924136345499237
ck_173e1198c341087b,0.0042601784963385726
ck_b4d55bc809000276,0.023494571712282204
ck_839bf139296b5cea,0.2230472148455754
ck_78cd402a2a4f2e35,0.002998228027559146
ck_c2925c50ebacbdba,0.004407366152915141
ck_5e3bc76eddbdb0a6,0.002250275213517136
ck_b7793edca26fc512,0.02189614066003551
ck_d79bdf04d6f31cd5,0.0031888741749694556
ck_4b97d19ed946f503,0.010671743283292196
ck_37139b41c5370523,0.07745943032320439
ck_8c346eeefa9ce692,0.009186284725646478
ck_2ab7eddee2d8c49e,0.0052639125169908554
ck_29da59ea3bffb9d8,0.05334148206257515
ck_c1d05ef0ec6e4be7,0.009661973629527074
ck_3882423b449f6291,0.9035921364232531
ck_5647030283171ed5,0.5748412660209685
ck_efbdcd9c181e72ca,0.010181171798072024
ck_192fdad892782daf,0.03571353495990379
ck_0bf2e13b9f2601ac,0.025614032877875476
ck_3d6046a533057795,0.006887003647598662
ck_279a1d3a3836e5cc,0.009888520165592083
ck_c375e929becde422,0.008993048905990567
ck_a59e90219939a1f0,0.004020705944168235
ck_4e9fba1ec54c3ff8,0.010619832246779959
ck_bcbd8588a13f5eef,0.007065081586704285
ck_5f9a7ff990341bdd,0.0031515002120388836
ck_e0403d507519b7d2,0.004396277439797906
ck_c9490cb61aff5112,0.04977421836524623
ck_41dd44308e6a665a,0.07036283757131312
ck_76c23726cd7ca947,0.010258915497823491
ck_9be551300209fa83,0.41791404803847226
ck_a98848eec6c9581e,0.027011483205474834
ck_61176dafb33b2d8a,0.3680973273660157
ck_92de019e05971ce3,0.004227626311681975
ck_5d644224135d7c65,0.02791288108231605
ck_c767fc454fa215d0,0.0033786391223956185
ck_5df85a8924e11f27,0.016034056609976716
ck_da2729307af06ed5,0.016963832213758058
ck_7c6b577174af7a78,0.006273174856664438
ck_893b8afbe11301e1,0.007870053412429679
ck_e06f6fed020ae014,0.007309413162496195
ck_386680372fb54857,0.0031821940570260798
ck_7a7f3c4fe0c9d2ca,0.0036135693126473274
ck_f908b527c4db422d,0.02576787376917101
ck_ec2eee6a133e9a6f,0.03022872012461151
ck_d98934f9fe0b02b3,0.002278175497395494
ck_398a1ed77b0130e5,0.03795735282314146
ck_d960af7a55b892b1,0.016781979956315755
ck_4637e54a9f79e2e7,0.0032676237483496794
ck_02b9f418524f6650,0.01063796291134881
ck_d4b23804cebb045d,0.006914544168522675
ck_35b1939c48182a9a,0.02742689172898568
ck_2dcbb71e39d64305,0.011532145151828984
ck_47a884dec960ff2d,0.002644984144004327
ck_71fd8c346fde5cca,0.02257396943668911
ck_98e1992ac8e7d2de,0.0340500691437553
ck_ae7780327e210522,0.011586245135067254
ck_e6c584b4b1ad6d9d,0.008163477894434822
ck_344b2e326a6c3dcc,0.0028036791161134044
ck_9aa899a5230b0963,0.011254332167971936
ck_e48d14d5b70ef5aa,0.03976718811949444
ck_59d380a0973b3951,0.010618056779720903
ck_11318f7c041a5ba9,0.013573306871216984
ck_7061786fe2f22f5a,0.019388180846327725
ck_e77529651c416cf7,0.021846305496787843
ck_7f79878197340435,0.0054485435885224445
ck_b0a0fb0ee9ebf106,0.0058048823849950765
ck_70c7679199776a90,0.006507810112857222
ck_b9facd2210daca5c,0.04603839960884438
ck_9949f53c155b8dde,0.021486605649008866
ck_1c607e24f2c4397a,0.024299217879615535
ck_aefd1ce3ce093cbd,0.0026730780387713244
ck_5a29b7018e43280c,0.0017235414318943168
ck_69eb0b2ccfbe5f95,0.013652132865128872
ck_fe037765aa465c58,0.0047005513195500365
ck_5e512ef5362a3dd6,0.0026979864191186485
ck_544a9e80b7fdc279,0.002289445246532212
ck_7825494e654d5695,0.013693015303560319
ck_f1f2c3c623553f0d,0.002032294784590071
ck_52730906e5b461eb,0.7590920756024689
ck_01e0689157fe9617,0.8017650039569286
ck_9da82e567074da9d,0.011539083232128008
ck_6a17384072f904c0,0.007743232815421436
ck_8d84d771a21942a7,0.0031134073658080083
ck_39638880292782a7,0.016741054594164813
ck_7d51c86e0eec72ac,0.006488743541631181
ck_45f4c821c70d134f,0.38569471209135775
ck_0af3c13ba56ce57c,0.001805871727752115
ck_0789a05e061b2784,0.13039513189649732
ck_6ba091eb42ffa9fb,0.13216465791054746
ck_265accb3c5c32620,0.032860291317783896
ck_179039559ff7566c,0.014995092425972953
ck_17c0a6a92b5765cf,0.00981724963268575
ck_59371c9140239fd7,0.010522603642998351
ck_f9c4f8b4ce2691f0,0.01346458958095273
ck_a2637e4872cf4811,0.08110992223344317
ck_1de43fd6c6c22a5f,0.06410060242623573
ck_6e4f31bd108571f0,0.0023313639620628937
ck_da06d97db0b18851,0.003038729477446686
ck_e0346d5081e640e8,0.036753776484162046
ck_c1c7d4e62c9fcded,0.08460483952980405
ck_2595669e421299f6,0.04723216313809203
ck_3b6057d51fd4c7d6,0.005137157639377147
ck_c5f8ab515840a0fe,0.009829839411507295
ck_435cb24538c6f77c,0.034870875918127736
ck_d84b5403da4cea7b,0.01017408237865446
ck_c2b61a98d1c8f6dd,0.6329564935305295
ck_c9dcd92b2f836b61,0.02361594621778585
ck_9eb5b3f5f672c2b1,0.004152620067198787
ck_e4cf189a8d31649a,0.003773001053652201
ck_6b114f2a48152b96,0.0020568255276680663
ck_3fb95862b70f505c,0.04505234280809382
ck_7f780f465c29398e,0.0054142112795706986
ck_ee387f9da79e67ea,0.02594110915272433
ck_fa3b1e85d27af2ee,0.03799403777040719
ck_e739eaaa7a1822f2,0.026429661446220526
ck_dfa0ac11fcb1dabd,0.002804972158567198
ck_6e8751b571ea54d1,0.009512854779712043
ck_2d695f8358383092,0.014640706700280354
ck_e7dce27edb700f27,0.01503863809991338
ck_e322da8b213eab52,0.004015767938744781
ck_d0b32e039abb8200,0.004632583655693522
ck_b354003302b272ca,0.005467465387096711
ck_f7485cba392bc294,0.1787215268057244
ck_d6a290ff8362c7b9,0.030110729278942976
ck_c56a44fe315c0389,0.0071542527042109325
ck_f77dfe6512eae322,0.018018429187109015
ck_35fe969c58b9e70b,0.0202326194038164
ck_4c518637db2322d5,0.5518564590110128
ck_cb61902798ecc4fd,0.02150101838199015
ck_56e6cfa32156a916,0.004520349864987266
ck_343e6ed2b9d35c01,0.024973727654763384
ck_51440f64f7250ad7,0.03677430840091149
ck_295bca29c34cfe2e,0.02958790890496118
ck_dd30558576b45e7b,0.009236814653867451
ck_3a30132a57181fe3,0.014467119583116523
ck_4a733aeb833406f4,0.014776893033537497
ck_1b0b7c3d35ab1259,0.030884196659485767
ck_962c3bbf27cd4b80,0.04868145057727823
ck_9528e1d6b1707870,0.009628847010728825
ck_b3263e7f31aab45f,0.01334850576096285
ck_e69195a3c885053d,0.002792785953523812
ck_a907fa8795cd4baf,0.00578674653679106
ck_205c3405045bd835,0.011180957597765908
ck_e81fc223bed3c46a,0.029744106766215046
ck_363751deae40edfb,0.09429346996400864
ck_6176baea8cbebbb6,0.008298718671916644
ck_633e6579f5c74a5c,0.9351875599932287
ck_ddc11fc481eef58d,0.012995852979499716
ck_e975002c979e12c7,0.02503771992916745
ck_8e039b23acaaac00,0.03090229625481842
ck_1d6990d94a4d2ad6,0.02715844748861339
ck_e7b583acaa3171a2,0.038431659914638136
ck_c0133f60d39b2fb5,0.010489701625564743
ck_7d6bff85e7a694bc,0.002564875390947405
ck_d305b4d82f63f647,0.0026099298301601676
ck_22bd0fc71f95e048,0.027075269476907488
ck_9a65fcfc7916f93f,0.0034132424155808583
ck_d61c837b0106085a,0.02134327846198566
ck_be86a1db08dea456,0.014467058592368567
ck_90489c405e6886d8,0.0025047939050232663
ck_0add2c321d579d75,0.01420741888765007
ck_482dea6eed92cbbc,0.008590987377021122
ck_c24b47184534cc2c,0.9715911033834624
ck_fa04ac31e596e7d6,0.01401873253859601
ck_084322dc5a3a86f0,0.009462278917899988
ck_ccb72a33cc1877b7,0.0067584478958450395
ck_afaf374009d3b248,0.0064922475862766605
ck_b53084ffede19a8e,0.001839659511229362
ck_4760216154c8cac2,0.5152599739696335
ck_37ad3a65db673e70,0.004112585103312849
ck_0c2932cc0d553694,0.006177152487752405
ck_86b853c52f20fef5,0.004880322639616562
ck_38703b7546d35a80,0.010713234661293737
ck_218b7e6e6dbd2da0,0.0035540655384674697
ck_402db4184982fdf5,0.01992754752620063
ck_f917c82af80e4a79,0.02475493724610059
ck_3c6417a233c68c73,0.009244695706821533
ck_98068c397d70dd3a,0.035425845799885405
ck_b1cbd6679c0f8d95,0.005716549045638149
ck_9e962f9bb0e7bac2,0.01055304306578059
ck_b08247c3ad567d92,0.6383389718611225
ck_3ef7a03ebb81cfe3,0.0021043076706999315
ck_5d7ae0e3562e99bf,0.037948977144955
ck_c91a628236baf91b,0.07100350086309828
ck_7f8e816ca51755e3,0.7223680049500135
ck_5aadd286d188f5c3,0.010431471059833764
ck_a037aff5f8128c73,0.006345302892026424
ck_5df6529ce8290906,0.01647461645524003
ck_5f3609511443e5a8,0.0019820019301471066
ck_a6f61864fac3c8fb,0.008734940506097291
ck_2733fc6ba23ae46e,0.028186596922520474
ck_22bfb9246646eb41,0.6354675093264583
ck_bfc2a57d8fd1610c,0.588226550831042
ck_49839e761d0e74e9,0.007690224658565436
ck_aa4ba931dd37481d,0.004298703253279824
ck_2f9fa0d61829f815,0.02136727750151304
ck_5b82c774df10d49b,0.0018682232377505315
ck_411219470d0a195c,0.017116360202389293
ck_d07485ba10514a2d,0.25501795549743245
ck_219bef979ee21bdf,0.003130037971067497
ck_eb1006e7285184a6,0.023811269158987392
ck_fd242b18575e3063,0.0532779580946914
ck_95188150ff059c70,0.05180145138974758
ck_a9ca2f447b984a6a,0.019086842217722354
ck_2dd39723c4088b64,0.004729112789811435
ck_aa2b4c662ff213b6,0.011044468197869327
ck_1867b1199c864db5,0.0314587667762545
ck_850ec97a5a0dab9a,0.005248424960678236
ck_562320295fa35875,0.0022559309133512733
ck_bab5759b07fe2bea,0.005677280872815049
ck_b9f1465d803e57b2,0.053917098604363986
ck_8f21f2690c32c691,0.04068479575862301
ck_df87d6f61a63eb21,0.008255000431500847
ck_770475876d0e7e6a,0.00309750568224953
ck_b4c014d5c0cc9eb2,0.005296706434759201
ck_3add4d23124c9290,0.0027919860851546453
ck_bce5b7fecfb6264d,0.17108285516233665
ck_604c17cb97dc89be,0.013719282574946982
ck_e52cbcd9aafd26b2,0.006049009612324054
ck_0ac9114076f5bf3d,0.0074069718135525014
ck_dcc125b178b79566,0.0019725750237286396
ck_4e333c09f0c37dee,0.007378059688607086
ck_ff7e31ff8ba731e5,0.008425483807635942
ck_8d0532d24f1070d1,0.002396854015426631
ck_3689fa41748a6f6b,0.027585335357202055
ck_7509eb97c1948b16,0.00513128273529234
ck_a9161cf1ca22a6bf,0.032814355657030385
ck_bed3e3db135b782e,0.02250097629196029
ck_9040edd974ef8e3f,0.7503640435219717
ck_fac32d76ed40f683,0.008840881217427798
ck_3d7b1078e2d57c69,0.007864472882898425
ck_dae09c4e074af5dd,0.006019146655376871
ck_fd84507228467b40,0.03444824479736281
ck_e2a2ce9b8cf44c63,0.050553567893026195
ck_cbe716f351d660d4,0.0404702248477906
ck_cba4162ef29a6d27,0.01696444916451304
ck_4f1e962ff8a29732,0.002760259871642061
ck_39a81899dded61e4,0.008380507371816193
ck_25382331551d22a5,0.025679096292690107
ck_6d64e1c07b19856e,0.007924374204987369
ck_165a868bdef28ad3,0.04188315424328555
ck_88774ae52e30e877,0.03807703970296676
ck_fc7a9d0643570053,0.002328016959863389
ck_c2017120b3b88a46,0.0026954753315862248
ck_d115ac6b9fd62a7e,0.003674708237254521
ck_439cf7d51ec7de0f,0.005952657729558007
ck_2468a7e9e68a0927,0.006392112167576136
ck_7c418947124dee8f,0.027619909595111854
ck_fb0cf32c4a56f740,0.008955508090453368
ck_694eb6c43193afd4,0.005318244760650519
ck_993beb188dd4abb6,0.004501344738878637
ck_77fa39d3b733c226,0.19252340166367307
ck_49969a9abc47cb69,0.007119638724252665
ck_d3f44bbe2f7e9b2d,0.01007173854643752
ck_fcf5b8216d0c18ef,0.0035378052771756186
ck_daefe1e2d2bc362d,0.005681571372990491
ck_9c9287cb28950eb6,0.0170400877937572
ck_c1d1a625b885a975,0.012714850691754587
ck_71b37fe47490b4ba,0.00938309034464537
ck_5d16e257c0635f7e,0.72379958612048
ck_15918075563eb074,0.0031353156214193414
ck_9a15fdefc47e8d11,0.0048498607074958415
ck_6f04d047d1dde75e,0.0018369055021769675
ck_1af2c0b3b8d202c1,0.009933646773479568
ck_174be2231c5fd2b6,0.002429135480318425
ck_bb0713a2a1d65982,0.007388996392626507
ck_0daec63bd5b0729d,0.025809031588092158
ck_c0b5cc3e8ad2ff44,0.02088591425905429
ck_35bee1fc12664644,0.14648050831150147
ck_a1c7cf63467df4c2,0.0026804153217937802
ck_ecb1e15f0b185ceb,0.08988609187967135
ck_f280d31f54a4710a,0.01510008046077052
ck_30f4b2ee8abe1342,0.0416778397436042
ck_66bed631354de5b7,0.007616308996704703
ck_c2d3ecd7278eba2c,0.0028759734461018586
ck_e901dec0e09eccbb,0.002504576337351028
ck_5d038ecb3c8748a3,0.00914321757325612
ck_283c5bea94b21e80,0.010181296274843139
ck_7956c251b85f009e,0.7373714197549266
ck_9f5f81d771146aa1,0.0020568370599814475
ck_9323e6fc1e168eda,0.8764465590886561
ck_10495d3a635b8d69,0.02526109258260246
ck_1982d571cd36eb0c,0.00873796462164565
ck_4f5d7985bcc2eda4,0.007127487256593878
ck_7df526b2b4410bb4,0.024728628708498557
ck_dbb498b1a346a402,0.002789245967098083
ck_ef059997563e3330,0.0078094374582382735
ck_02ec4e06709e6b82,0.002389798876606206
ck_9782c86ba6485f88,0.0030901538041049484
ck_d69de468b44143ca,0.005424140475569771
ck_6430a8792f400e0a,0.003438353358852484
ck_8285bd3c90af94f6,0.023924276119744983
ck_985c9ca112000e9a,0.017771941640435
ck_e679fbf4f4f4aa07,0.003952367734357311
ck_016e8c8eaf9d511b,0.015810035626561643
ck_bc996c523944644b,0.02107857511628494
ck_5b8315726f6204e0,0.0073684839692412015
ck_78181f8e998e442f,0.0023067392907169582
ck_71c68dfd011dbbbe,0.7708209242082155
ck_db32c95ce2b6f502,0.7640228866849578
ck_755010362a9b1bc4,0.013599059241749057
ck_114141d85256c9ff,0.0016809659799767618
ck_9d1a5cf5a3b87e48,0.020395120641762556
ck_ab640420858ab5c4,0.08130866869912383
ck_97a8dac48dd62488,0.24902842364840475
ck_879cc3166fe1bada,0.002179944213715162
ck_b0ed11080076e381,0.005122904316684129
ck_7334a9ec656263b2,0.004642681924174261
ck_6494f0ef13ce44d9,0.02156025644422101
ck_724e459b9ece38f4,0.012405956602024338
ck_7fd8b1470401695f,0.3182509588943282
ck_292f81186358b0fa,0.008727704566332387
ck_fa7de64d37287615,0.14488482932269683
ck_d00e09e66ed6458b,0.05076973157737798
ck_b8d210e741be186e,0.004765378776731818
ck_3db59982cbae4410,0.03668086774615022
ck_69887d0a9aaca6df,0.0020430778452062573
ck_4feb21e2fb0b3977,0.012339652337952738
ck_08c6cc1e143475e3,0.003335448203626118
ck_fe6e168cdbb46b9a,0.02422609924108963
ck_07f1734be7fac56a,0.017414727955959306
ck_d66d59981307db93,0.015928459799509083
ck_f928dba0d587d7c1,0.0038843699777724927
ck_786448fe3004cbd0,0.01462668846846818
ck_29ea329fa40ace62,0.012905906707097976
ck_7ea52b6f27edcb73,0.008906689703675256
ck_18bc51bbf3ef198e,0.01960138535215046
ck_44950df09ff14ded,0.0025738093424830825
ck_c1466b52c0a10b93,0.02974967738637656
ck_6cdac067cc4db5c5,0.04608447557004913
ck_53f55c6e8cf2d432,0.0025002755061552034
ck_95945f48453ca532,0.02623495797491055
ck_87cce4126e215153,0.01929997600416328
ck_1ecd5516c92caa4f,0.0031386772888871055
ck_819b482bca14c068,0.8254265570518342
ck_a61a879dd46fc9f2,0.023861641213145768
ck_af70aa32c009c3c9,0.012746189107323013
ck_f4fe78e249092ab1,0.03038515725943448
ck_12c46bc52bf45b36,0.011610757791642532
ck_f05f5e4b40afa52f,0.06543213486137617
ck_0f8cb09d3f4fc980,0.16186612622684554
ck_80a64a7f0275a71d,0.007806584432669528
ck_683af7b1540a0b22,0.041492338571390994
ck_51fe0b613c076cbe,0.005110527801426642
ck_da1a2450219dcf19,0.024494241816723293
ck_2a7eba01ceba6c2c,0.050719914835852434
ck_4e329e29dfa743ea,0.1162176711917579
ck_0274d881d6db82c8,0.009356852701483027
ck_0af5b7d128035b35,0.019803929356794335
ck_ae0a7be6b0a0ea68,0.015205661540274005
ck_de5bb7a4d091386d,0.19758616198561144
ck_2bb7c17168a9d17d,0.004300313498345584
ck_0ffdff7b2f5fdfe4,0.0074745693872109885
ck_718a8390b3d42d7d,0.10401530209056178
ck_7c4f12d70f184533,0.0026961515901857973
ck_d3e2c26b8adff099,0.008923778398082532
ck_ac9d3d9754104cf0,0.0016561987767779863
ck_3b1766a1d51f8f0e,0.7330852814641979
ck_a9bf75bea912027b,0.02109757800874456
ck_687eab3ffe1f8cfa,0.04547096780610099
ck_25dd0b02af5b2f37,0.03384745341499018
ck_1747fcc466f0ae38,0.0019351892713967973
ck_f6e9d14dfb6f3c28,0.033423308627496665
ck_c6a7bbd0adc4d5f3,0.01409728496299878
ck_46656a23f4456d22,0.7836406409765113
ck_7519260415c2998e,0.020720288550052427
ck_754f30ea19df857c,0.01754570236871149
ck_ba88a244d5f7380f,0.01285485806266535
ck_f268416945316815,0.00978555837493825
ck_21860dd2159dff28,0.002574223432132726
ck_7a86ef4e2beaec38,0.004822625207351093
ck_0414507baeea936a,0.014725786637432325
ck_60796eb60fc3043e,0.002058520807403777
ck_1e0841ed17fe0562,0.018848641193551344
ck_0d641d32658d6e0f,0.0022476431469462864
ck_b36086ae6d87eec1,0.005569088079531735
ck_962e65ab33b5c311,0.9247566237821369
ck_b046a42684468e63,0.006839128103969807
ck_ab3426435b0017d6,0.07646480710443668
ck_fcfe06e44d09a344,0.011541809802197392
ck_0f6d916c92189516,0.010413180796925943
ck_d4c8f0d957c3965d,0.018968337127567233
ck_2ca83dbd728af019,0.004289879781519958
ck_2857a4ce9f72fbfa,0.00243023940770585
ck_a60e6edc48e3d0ac,0.09686838467370981
ck_0cbd3b27063d4415,0.09224878232361736
ck_612089ec90c37219,0.010513117128474702
ck_ec4e597f17f473c6,0.0022320481188332322
ck_1c93cc58f314bf71,0.01982594107417264
ck_2b359a979520276e,0.004419018319560602
ck_1496568ddc3b2d56,0.43936946493921597
ck_41d91dc9f5063566,0.018222053637443527
ck_4c5ff58afe3d7a67,0.0023802702569128303
ck_81709736281fa3eb,0.002390847459811982
ck_d89abbab3d4957aa,0.007308074566543572
ck_52453401f88935da,0.011461198632041647
ck_a477654d34783e06,0.002170844507731818
ck_72dd0dbdf808cb00,0.00968061810641236
ck_c183dff3781746cb,0.05743205825617416
ck_c8b7f241810b45e5,0.001727971756674497
ck_f88028c3f306bc70,0.01136918045340254
ck_91d48d69e4f5d9c2,0.02685732855357873
ck_b74b9ba6d7c9aab7,0.05142002518974694
ck_03e904682dc73bba,0.007879404169185398
ck_fc6fed6ea96a004a,0.008836399355084805
ck_51efdd240e34c642,0.03960426948633735
ck_e78ab4ff52b5fd2d,0.015355492212092967
ck_4af7b97c24d89a45,0.0364615173960801
ck_295c0072eca7f7a2,0.005455838120069383
ck_8abd1a50a9227463,0.03284611058259153
ck_ecaa6f13304e3dc5,0.0030430359719399143
ck_de436e7b319be1fa,0.9830889903861258
ck_c802cf8f61466027,0.003009863257698125
ck_3d83e0a3c1cfbf8b,0.00722838517250895
ck_28d2003c2d16e4b6,0.0025521774899350397
ck_8ddaf745bbb9cd62,0.002526078443870614
ck_493b6256091014cd,0.6127369386204571
ck_a2245822cfea997d,0.0027200044069845587
ck_f7305b3c64cf8a03,0.06853858282488855
ck_9937dad93a0ed3c1,0.003073773514931975
ck_d654449f9231ad76,0.006405235251879889
ck_850e2b59bc535490,0.011876155164480897
ck_e55e5bdfc0242aef,0.08854673920318919
ck_d35c51e981b98c5c,0.008470020695231605
ck_27cdf9c5e6f0915b,0.01188242001037196
ck_d328db1e1052d820,0.008180210643018417
ck_0ea30eff5f361cba,0.0034395700393354926
ck_9994323f97109f4b,0.9756035829323839
ck_09054e97bdf9624e,0.0020035013045805092
ck_723b4afc388113c8,0.0028844562005040262
ck_588f6e6a6a6d93e8,0.007471430764994781
ck_e1d563fab4d6116a,0.0028911776882620858
ck_53aca610e20598bc,0.010385522077179526
ck_c8131ddc7ed33448,0.003314653119640739
ck_899f88464305824a,0.013646640729587923
ck_1c17c65804f8889e,0.011382377955677196
ck_45a16ce12893cf9b,0.01296477084964805
ck_f9d481aa4f9b2808,0.5005764054201592
ck_1d5d74169cf892ef,0.02691121316451257
ck_aba32acb61c1aaca,0.011108999545727288
ck_ec4dd3675a8d28cc,0.005496766622193319
ck_5dcd443fe0bbdeac,0.0032468729474228026
ck_3a47e3f54475e854,0.004464680209414743
ck_a9aa5c344c315532,0.013621383600052129
ck_9652283c9f61fcec,0.0020899225687769475
ck_752dd3d2487f78ea,0.006684167189691931
ck_a821980ac4db9943,0.25796000912880357
ck_93e0d6befb67f7a1,0.008403729762490863
ck_e7a3881c3e36bd51,0.414201180009589
ck_12631b78f8a03df2,0.0024495882336564943
ck_57b8226610b48854,0.004467922583833602
ck_352657008983fd4b,0.028732610508934397
ck_0841a5c24fd3dd28,0.012355123024868303
ck_db9b9d5d30f74070,0.013913289709694215
ck_a9dded7f6294e44f,0.027649321777593456
ck_91a16336ce3217dc,0.010611908162279523
ck_371bd9388b287677,0.002791828392192695
ck_f285e5e1912a7c62,0.0031258112072533603
ck_368b65fca69fc415,0.029333250557224765
ck_d27a73596b6500c2,0.007177666389243206
ck_2d963f9b2c4d11e1,0.02384657710576055
ck_7c500e219af39486,0.0028704175579217527
ck_7d025dea5951cba7,0.008162690337406072
ck_32f632706608859e,0.006213180076912271
ck_53816231f3ffb48d,0.004451423574359597
ck_9dbe184e81c1ca8d,0.07624389454735624
ck_d74123617f22a21e,0.0044897814406566145
ck_275386782b1606f8,0.004938305596300845
ck_0b0e79d33e50cba5,0.0029218629122476102
ck_ba93cb604f792915,0.021237444451638575
ck_a86cd653472eccbc,0.006093065728801391
ck_87771861e0447210,0.04808158547327944
ck_212380e0371d8a6d,0.038318492096728336
ck_ef0d702d7b0ed745,0.003878893485851505
ck_2b8f33e22f939372,0.7861645121637294
ck_480347ad92037105,0.013519285211962079
ck_20124c3a16c53ce4,0.011271322000103796
ck_c9e1e3229baae708,0.01488199568146641
ck_b1befe967f7a5ebf,0.02717667393928444
ck_4672167d7c989bbf,0.019543602049942644
ck_f0c44ee5e3a42e3d,0.01665195018729532
ck_c416357d20238a4e,0.0037273364509412417
ck_d0f470f8078c91df,0.004054943133133893
ck_3a70b4ee59084715,0.007347456086447874
ck_179ed66cdfc1ce27,0.002408062617779044
ck_387e5a7f163c7837,0.017928898360837935
ck_08fb463e69f647c8,0.9816701248945936
ck_732f725747393ec8,0.014169338364026122
ck_7cc5e0fa3ca5a713,0.028325280051227558
ck_ad4a4daa826ac68b,0.816818951996557
ck_472e0be7a3b533bb,0.026046707203704545
ck_7190177963eafdd9,0.009749677429368336
ck_647ac26c5900f082,0.01048040072735398
ck_272ae2179bbd8e58,0.005844402429916996
ck_09b0d8af304646bd,0.0017683630449322394
ck_ca0cc8ea9f344408,0.0029726311464241596
ck_332ad134fb909869,0.011091249865761627
ck_fca2798914627dc8,0.07611131635706578
ck_4450b55f462ae134,0.005981664042472952
ck_d67d9dfb60b286b9,0.002183910148024515
ck_a9d2bb4f2bde7052,0.00530930218401605
ck_929bcae878a3ecb3,0.48911020476348827
ck_59a9e000fa275e1f,0.012473970849536385
ck_57f17254e2688637,0.009197147649378942
ck_0508908697f60ce3,0.045760486549083504
ck_946afc2943298d26,0.005074877005039403
ck_7176d12b18f2cc0e,0.015710280132577407
ck_5c47b49c26cce286,0.02378844952296829
ck_b6a2bdb2d335e1d0,0.9856691777153284
ck_1d58f6caaa4d012c,0.016520241256846972
ck_71c917295020ccc7,0.005067160175473079
ck_bc89644ae3688995,0.00736775262770169
ck_e7c212f16d6df272,0.015405788812654333
ck_c6d2e11a368184e6,0.007613671538911668
ck_eed7f1f7548df15b,0.005260331628777709
ck_75b69034000ca7bb,0.041106796885979555
ck_38da3bf629458682,0.006111558623089812
ck_90114c891239d821,0.007959281720591491
ck_8ee08f6777cc155b,0.021084259241243245
ck_bd86132499defcd0,0.009000518009645884
ck_b95fbf2b5640aa82,0.009796996366372246
ck_c530235393360e3b,0.01043454102751155
ck_be52a7ec43241ba4,0.06879184521537188
ck_d96eb3cc55f2772f,0.04493417218457691
ck_dd34f0a844fb115d,0.09543998508757692
ck_17cc7b411f448e66,0.0135602270080876
ck_856ea65fa27d06dd,0.02745997071959457
ck_056d5f0301c30902,0.04503730077482465
ck_e662b14b2bab23a2,0.052425998070228276
ck_209f574c8d92274e,0.006804478527045378
ck_62720b81617896cc,0.008072674387829017
ck_041614694b77e599,0.005086347932114016
ck_461e3f7b97db8d16,0.03611760573263037
ck_1b74b798eebeabdc,0.00784991054802579
ck_0ed2739384f1d644,0.0075000115339266486
ck_5a4d19f1b83feeb8,0.0027802642731447765
ck_463937167965a1f8,0.014264502335171767
ck_9d7151dbdf100e0e,0.00960037200314345
ck_20a7d1ce6cc27312,0.005970541290264599
ck_6031211ff118cf0f,0.0021678494079957963
ck_a6fc92aa91e99b77,0.7232060177292556
ck_0aaaa9d2f75a0518,0.0047714853709215676
ck_ec26e327cc1848b2,0.010615820848162323
ck_0e6bebf8ae9b9b03,0.007416875029886467
ck_e107537a4cb738f4,0.005109978080060625
ck_e8ea56e122a5a487,0.017768050432641076
ck_98149ed45d38c4d3,0.018186505824837895
ck_0e719b3a6906b8f1,0.001875261137833745
ck_0c6e7bd357e4a348,0.0019744010745483425
ck_d3b2b250da61db19,0.9633916191315615
ck_8bb6b0a292754576,0.06499332805369888
ck_87d70f5fe48a6128,0.013247495576441403
ck_ea9edf9c107d429f,0.009986441250420666
ck_059806c52cebe4f1,0.10044227651899348
ck_a72d6df666e1c21c,0.003913797369342901
ck_1d2b80ab6c4944b9,0.01260161034229742
ck_60557f077abc42ca,0.10345444627201891
ck_e5f5cb7dd6ce4a37,0.025967717341669017
ck_4c4a939154446053,0.003358052254260651
ck_50ede3eb561a202c,0.009381564257638185
ck_6d03a542922b2ae8,0.01420412306646431
ck_d6fe761ed0db3270,0.009785082976772648
ck_7f0cd6ea3096f985,0.0031638075919708094
ck_23edb6d938a3b87b,0.002481015804049926
ck_799aaf9f2b9ef621,0.009544403712542636
ck_f8f6a03613b6dda8,0.012639117994849212
ck_7cffb189f4f514ec,0.8806172614836709
ck_c081e1967dcd811f,0.02767803318074207
ck_583d6ca78c97d91e,0.09503097523840749
ck_9332bbc7125219a7,0.006942885928526601
ck_956b5af6d7d86c65,0.9494437280887376
ck_2d634e3f24681c0f,0.01705223868781535
ck_7b35d218ed0c5a60,0.004078366165465451
ck_ca5b1057f8248f73,0.022871200380912355
ck_ec5ea81cf813597c,0.0046039612080033794
ck_eaebaf4d28400fb8,0.00931441610290283
ck_ae2ab6be219219aa,0.0025214737859692734
ck_d99a8b4c820eb46b,0.002495046571427876
ck_bcfb7ffb7cd428bd,0.005712921329684146
ck_3dd542c2d31be2c0,0.01596620222882624
ck_c7dd84401e29a7fc,0.00416471843364608
ck_c4bcc7cefd40f8e2,0.002109436957851141
ck_c251898b5d51e3b0,0.005597873291698655
ck_36d37be780c1291c,0.006251999389748848
ck_99b4f266b61ae7ee,0.017200604517272226
ck_c37f03995f0f0169,0.0017479405938166195
ck_65a23ac8e44eb901,0.00252229859096859
ck_644b1c1149eea9e0,0.011241611460054594
ck_9cf44eb0237c2429,0.006080682903301033
ck_20541686a94fb71c,0.018762232978804867
ck_c18245be844680f3,0.011126523213524404
ck_56de216eda6b7fa6,0.0022190819160227094
ck_406c4442dee45cd1,0.0021850956877879314
ck_df1585c7d72a96e0,0.002278032817527336
ck_b8e8dba20676d87b,0.01100285106941612
ck_0ee6965e68efc177,0.01733966650207606
ck_c2a5c54ad8d0d297,0.026112228707453517
ck_bf6fb7e6470e95cb,0.001819345673635589
ck_27fa694569140345,0.0022400161071420054
ck_e04166b0ce66393a,0.007072827655595225
ck_8742114f4f0cb22c,0.06829727908784015
ck_6eceeafd56b42576,0.02055863226731531
ck_34f9951b0eca1965,0.022295131372914258
ck_384ccecd342a24ad,0.002662612190824071
ck_49c98bebd1338879,0.0018519833369645962
ck_6c26c12071c91ff6,0.0023194376424579477
ck_01e5986ebb9a78f1,0.02724713882670917
ck_121db7ba3be29ee8,0.0208538255756739
ck_039e6d5a330cea1a,0.045785813434355685
ck_ae8c9163cf957d7e,0.015493541359292012
ck_3f5e8f3f1df0c8c7,0.04875306980321774
ck_b1c51fdafcd80122,0.013341958703086262
ck_12e2b5ebfe8986b2,0.008243994479920514
ck_d55eb81a4d543c59,0.012301250216306108
ck_f85155ca5c312c7b,0.04729213268257489
ck_133d8a1ac7c0e301,0.9702628902201402
ck_04212a9bb9b28696,0.987117814951044
ck_4cc11c7d3ca61f73,0.002383538652238669
ck_2df4854186ec515b,0.01625400840595048
ck_aa9b28e7fc43af79,0.7201216355450569
ck_47cad6c3def4c9e4,0.0029733804186914178
ck_fbff7b5da8111567,0.007674944454438307
ck_bd25ea782e375b22,0.024497350109706082
ck_7989376f8cf64a9d,0.06541447475797177
ck_675c0ca1ebb1051c,0.004743477643154361
ck_1436f6e11d4008f9,0.017479532835930768
ck_812cb3a4482cc618,0.010340267668871889
ck_6e606f73a1094afd,0.09894946703411778
ck_1b708e2a4a0584dd,0.008742461707884308
ck_a60d6b324bae0330,0.016092732921314093
ck_706a4f673a9fda3b,0.26309084469463706
ck_a75ece9a9044eed0,0.0031192887269997113
ck_9aa45c4e03c8c57a,0.030197234649323952
ck_9fe9bdce982b312c,0.025909426458730518
ck_c6fbdc5ba68a8466,0.012271846255401429
ck_ed0cc1b1c28f9511,0.018613914224794414
ck_a4e2607b4c8021e8,0.001803588793996412
ck_e02f93f51cc8caf3,0.005855325975348212
ck_7084ed3cf20781b7,0.022119780786615886
ck_cd4c63155570d6ea,0.011573886197627803
ck_d1b9e5d32d2d789f,0.002882212910242483
ck_68f56f6560a7a933,0.004182164802738184
ck_8bedacc6233c6269,0.00894032592693649
ck_ab7cb50407d6b13e,0.02402647394716749
ck_f17ed7e0fd687742,0.015946309738464497
ck_b0fe4b92fc70f72c,0.0030440486956312776
ck_84d62b8196da2452,0.01024913348139437
ck_9e298cae167f4693,0.00894922553168101
ck_405b20ef9ad0ba5f,0.04969182254021946
ck_813e02e1ababd177,0.011631318347578919
ck_f234ab47061ba7c0,0.0020617953867899234
ck_22b587c18363899a,0.012064837456882513
ck_4e862c2f48c38aeb,0.0031118839523964293
ck_b89cb90a420c9075,0.009409657712664004
ck_be2251640f27a3c9,0.10230896566509998
ck_46bec0bff167ed3f,0.02177233881447151
ck_c0032232c2868328,0.02306121618519718
ck_030cf09525dba4ba,0.0019302264613185159
ck_6ecf56236789fc09,0.9389275518198843
ck_38d4ed52cbe6d123,0.012456457595603465
ck_2d923d957ffd4d53,0.02585917795553805
ck_3af1eb88728ed8c7,0.01197028797067875
ck_2f8120ca80a1592c,0.009371093230342412
ck_6cabb1a133f0b151,0.008454701103261828
ck_bb6cf7e7b707731d,0.8291688323195153
ck_c8307fecafa90140,0.012672378325026318
ck_75f968be67f46d24,0.020507997077233803
ck_df6fe4ec5a233213,0.00327428940945934
ck_b53e88c0e927d896,0.002097222214566673
ck_f0093064aa28f4d0,0.030177537279584325
ck_ec9976cabc63ff92,0.010697106244580756
ck_30dac0a58c5590cb,0.07741772288571615
ck_348a525791ae6475,0.022700622399023363
ck_b898d912d1181ef9,0.020929320699567357
ck_f5b1200dc6f95760,0.012956900609708458
ck_54978a073e7a0b1a,0.006385082359347663
ck_55933936536a4071,0.0035097215692596515
ck_d6ba7ffd2ae08863,0.005643707176325396
ck_404e2217fd87fdd2,0.00243100431607972
ck_dfaafdaefa5716b6,0.03840404845573446
ck_556c62e92d4e7e5b,0.21899941353920488
ck_7ce44f4e06d58111,0.11751412456710919
ck_465cb8ce232c7670,0.004088142364902248
ck_237508ca4fb37268,0.027582485328595186
ck_ba4a6b9aa63964ef,0.010879804376199323
ck_4802a0a7a1882c88,0.2681372282758714
ck_9478dfe4114c30f6,0.015287308840917516
ck_5138f6c575dec64c,0.010494075065175707
ck_aebb42afe430e2e9,0.005288755581900122
ck_004efa95555437e9,0.008415335601589642
ck_11af112667c98394,0.017908860215423435
ck_44e9a18a8645c9d3,0.0026383781564048867
ck_2605fd571219e28d,0.001857070595827451
ck_dfc933493561d84f,0.026345763269736432
ck_67674348e68d1f25,0.007127064997210017
ck_dd97429277a2fa00,0.01629205018450189
ck_d3eab7a06eb48348,0.012683645583516728
ck_0b9fcff9667ec05a,0.008351898174114365
ck_fc4bfd6e739bddea,0.0031776697125897166
ck_43292f70a03ddf2b,0.03995275884401711
ck_5ff6108056a3fef5,0.0046716875078806576
ck_767e0be086b5f601,0.02179648925044907
ck_b8465b1a5666155b,0.006679060113445686
ck_ab2e3fc56f5b3aae,0.012417151200898197
ck_1833c81d693c1e07,0.8321751616625562
ck_0308e0602b856445,0.002842081076085305
ck_ccbdfe744acff8bb,0.017848898318754993
ck_b294aa27a0b586d7,0.004041841881356222
ck_a3747201f377626d,0.9020945397515969
ck_edde1d7d1db24725,0.021140727517164747
ck_ae3b47d6e1063704,0.01446278593425471
ck_3aabf5e0f4defb41,0.018914637762388102
ck_f034adb57391f3d7,0.0343822555377586
ck_533672fb40531607,0.05641151746324705
ck_2a244f1ae08ef83c,0.008030925978697711
ck_a35d81bcc54ece2f,0.005917904959533182
ck_78a61215675b38f0,0.013729469622798602
ck_e013d88ea7939616,0.005440416916697133
ck_e5018f9418e0102e,0.017633430364155767
ck_d4e024fcda401a31,0.003951650470545106
ck_f736cffbdb82db34,0.0019387072046448516
ck_1507f5aa50cdf3a0,0.006909001866306326
ck_18270fee7c8fcee8,0.005006298300682668
ck_95ffa1a805a1c9d1,0.006577553086831139
ck_11132d245b94d045,0.0032016047604907795
ck_7b93a622e40d8b14,0.06653051390773543
ck_3854c08d17704347,0.019294078113076395
ck_7717fcb100dc4b5f,0.015903747355404035
ck_ba54e0a1c328119b,0.8427229916087373
ck_a7afdac4ecbf2de4,0.4038407762296016
ck_ecfb771ed2352085,0.009394377413629102
ck_68be4fefc85a6b64,0.40025821716692533
ck_dac7c50bd6d0148f,0.003346082677507213
ck_87cf36a03bd63c24,0.23728014310302034
ck_8adb40b168b59d7c,0.02625046891249322
ck_8d2f62930777416b,0.017822653558660213
ck_9958b58da9e3c21c,0.008810092935264666
ck_9440335375701f44,0.0095256501537255
ck_e2f88e202b6f700a,0.01069390918103906
ck_4c7c50684827a2cf,0.0029310974330392253
ck_8a6ea4a79b1c7a8e,0.0063841259424945755
ck_186dbff4b24a3bbf,0.19420425641609174
ck_220fda3c11c59b6c,0.06388884884083751
ck_3acccc69f8b1fd14,0.019466786287782763
ck_9de191bf79afd676,0.009394749148862389
ck_6de6b1663f9457f4,0.0021234086562643417
ck_062754f8b79b86e5,0.0022329363618189026
ck_aa153a89a52f7eb5,0.013278494345233737
ck_34a6bd3be642f15c,0.017065769573222266
ck_9371c700d9830326,0.01058841343906436
ck_a99e0c258ad7576b,0.00928205233212294
ck_0a7ba51d626e932a,0.035553089431209356
ck_852c50bbba1ead13,0.010754322045353544
ck_43dc13b6b6d31297,0.04513234880128589
ck_7d81b59d615a6649,0.023061221273219284
ck_39a3f1da060e88bf,0.008799422559268667
ck_6fb2d142c09ed3ed,0.025881395039578307
ck_6e5752b87324b58c,0.004083492268692202
ck_9441d48a12e8a4bf,0.31765394157547244
ck_09e9c51eb538b255,0.0029455584245051958
ck_8d0cd981ed3a183a,0.05776475777081994
ck_57c07c45269ca8c0,0.0044815492854202565
ck_ccfc9ab888ba933d,0.0029709699624088023
ck_9658a6ef471053f0,0.003754171071555768
ck_dac3852758f4ea89,0.003338840931465478
ck_b1ed2278f5f14d82,0.014956353130817609
ck_333544d173524f70,0.029757710021368323
ck_fd4582e3853ef23f,0.010802111434436008
ck_614d936cef98db04,0.002398704795216498
ck_6bc351a3d57aac54,0.01055538103365479
ck_af5842fa7202ff25,0.018458397454625897
ck_81307759252571be,0.009110831919208903
ck_b4d2f02d2cd45720,0.746230848086378
ck_1bd753a4681946c8,0.9426935879553826
ck_46d8c029d46867b2,0.003213378756684001
ck_b7da6640fa2f49cf,0.877792264102012
ck_9ea3d5a5a91fef9f,0.041104800582964875
ck_7b922518f667f76a,0.002246518183437151
ck_2a5b31594206eb30,0.46859965533816555
ck_d9506476ad3f9e08,0.015517029261958776
ck_c8791f7ebd4d93c7,0.02451268825189725
ck_b5a3e20fd210017d,0.008294061186222881
ck_8e54386f4fe22cad,0.01766740288809743
ck_75296704f5806f56,0.022086212687675313
ck_0fbbc7a6af300368,0.0038351177150540232
ck_d19bf4dc0627113d,0.003124798597348074
ck_7951bd4eb99a0175,0.0032016062477803024
ck_059e4fac6b7f704e,0.0072609769508305
ck_2ce8931af02a2ce3,0.008186011023496358
ck_9e665618a4860306,0.0038166320333693606
ck_6fce5a893613fd2c,0.0017962171484597045
ck_9e3fbd04e3532f32,0.11558383923280986
ck_55f2ef0de3420e3e,0.016330503465355455
ck_8d87658a6f5d204c,0.41604979790920515
ck_6d6ac1f5dd882aa5,0.0018620468635871367
ck_55d0c7012d7ef236,0.014008191995192765
ck_7738eb085e5753d6,0.01013376282817439
ck_0e6e05c3cc8c8242,0.008504425798312428
ck_8d27ff8383d48132,0.0056623712757504895
ck_9afc3bb849f3a64d,0.008159571243449432
ck_27eb86a9898cdfe3,0.005493143372740535
ck_1d40e4fc541abe93,0.17945977875753258
ck_4fd9dc00e1913587,0.9812945401155417
ck_b26cdb2b7b165d2e,0.015779198732531946
ck_a79a27767a02e31f,0.035832752771503766
ck_f0c18cb9f951a71e,0.0168579052922705
ck_50460e0189de6274,0.9747930673502904
ck_5e5280539257c986,0.012174834648431563
ck_eeb854318b3a6f0a,0.005779894890466593
ck_943f66f28dd24750,0.002561420907445846
ck_984dd7452aee372d,0.027034509675145462
ck_ecaa6de0aca5e9a0,0.02291648475219792
ck_8f1cbc432e2774f8,0.017322249512709876
ck_d91d9f8445b9769a,0.8142510784503767
ck_73c18e03e3c7612e,0.0017807237958427902
ck_aded05ada490da20,0.006244769013004906
ck_f744e208183971f8,0.0022339981654062907
ck_02d4cef6358ad3b7,0.002815612706981536
ck_08ff5bd467226a5f,0.002195689078860231
ck_f824b326d5089885,0.13325628135941905
ck_3420f2fd520890f3,0.011860765090210956
ck_1838cf8d00f5b1e1,0.008081765971613213
ck_a85182ad90b6f1e1,0.0019384730680496892
ck_fecb39c82c43e76d,0.0030775893094141323
ck_162513e73782929f,0.022473918122767497
ck_2c27b77c59d8f23b,0.14083559018775732
ck_4221e07b17388fd3,0.017086060909643062
ck_adfb8472d5c3d669,0.0365091486101904
ck_0742fe64055d686f,0.0024274741758396243
ck_5060aefcc8b6f958,0.03405455917600213
ck_643f549b4ac78a26,0.1003452361125263
ck_dba767885bd6ad69,0.005357501178552654
ck_0dda35c0c64c7073,0.9757240487461039
ck_38ea56d43afa5660,0.008494891248562264
ck_d813e15ac91f487c,0.16900451970495028
ck_4c840e5585a7b167,0.03453943977334315
ck_cb8551453a7bb929,0.003299710889385034
ck_05a00b1dd5a03359,0.0049329799036747415
ck_837cc7fd48453a01,0.010701915535008903
ck_49dd816b31fba6b6,0.38269161746447145
ck_86a61d9a39768e87,0.023536236324886755
ck_cd0e76f0e7bb38cc,0.010730526520726435
ck_dbe58392635133ca,0.031652065547186956
ck_3caec7dd6f8d02c9,0.040689871003503485
ck_bfd9bfc5b6ab4a54,0.030554669723265187
ck_2103399bdb2898a6,0.006520857367427926
ck_329f7de7279e74c5,0.009839874361742747
ck_9bf0d28119fc42c8,0.017366832192535146
ck_f781539b1042dc83,0.0035740591006623358
ck_9986c7d781ac6b4e,0.004618418499015213
ck_a627734880aca848,0.006074056123998839
ck_2106e509d77fdb4a,0.6708981689852898
ck_420d1a9c604293ce,0.019861515279613787
ck_fce0610c527e2b56,0.021484040280564914
ck_073da541ec3f9d3d,0.01635574408995224
ck_aa5f3ab48c17fed8,0.07208878121647963
ck_0fc1086e1c9e04b6,0.018185547869153832
ck_5c33bb46c1a5945b,0.014702908871510403
ck_500948a8d4bd8e13,0.009358108460332696
ck_19becd44f2c3d2b5,0.006235686688153404
ck_7d0fe77dd5ddb656,0.029493798487613614
ck_f158d9e5f101bb35,0.014477013997908997
ck_cdd7c77823c2257f,0.02654329472819885
ck_6c7b41374f9b2e55,0.012016677353469883
ck_417090dbffb1a63c,0.01246463796758582
ck_dd0e17605f970319,0.008029975913282045
ck_3646515079e6be55,0.00804833250148752
ck_89c8b06aa8c84b2d,0.019938100094132938
ck_e4d6dedd97233c07,0.011652170057625345
ck_bc82fb1895fddde5,0.0028604527562167735
ck_88a8b1d442ca3686,0.027936710861264293
ck_5791f8f76a629a4f,0.031825966815928454
ck_9cf5e88e97c8c7ea,0.012033253800005375
ck_58fd684aa5a6f289,0.001755586687665734
ck_9800c21dfbd8e811,0.005310768541443467
ck_8ae64df60ab6ccda,0.02060648562632451
ck_e535fb0f0c00418d,0.031942122327111626
ck_48011996d54855ac,0.4636354745672386
ck_ac79c72a8fe3fdef,0.021322408467994637
ck_b8cc2df5192bc49b,0.014816751127653353
ck_e96a5e1f08f8a867,0.0031490793412214772
ck_84df6770549e43fa,0.004993383395970043
ck_e5f7b99ba6ec5767,0.02448374906355075
ck_8347455ab53ff620,0.006266602729166066
ck_a84f2cdf695a71d6,0.011758383656097517
ck_90456160115f9ef4,0.005625519884815586
ck_ebd178b3f3a9c50c,0.008135627307845204
ck_e1140be6157bacbe,0.002063722262010917
ck_744ffc11d32b96bc,0.007760468827505298
ck_e12a9f7d027e3387,0.0050610913805087514
ck_cbe525da0b69f18a,0.03712795709198552
ck_aa59702537557ff1,0.007848475212263398
ck_0348cc6908f7f3af,0.0026946281595264013
ck_120e995d50956bee,0.05322023391392131
ck_9fcde1ff46cbbea5,0.002256097254083468
ck_54b0b070689c50d6,0.0025042871081089263
ck_966a167758fddfd4,0.025756286806917873
ck_d5194f2e92fd6427,0.010645473221581638
ck_2ee84f3fa27f2cb8,0.004901802607571155
ck_57d0a7eb7eae2eaf,0.031723874887883
ck_6a2c4edd82e10969,0.0033893977127685193
ck_96e4d38ef670eaff,0.01808321724059965
ck_52cc2fd5095b169d,0.01683367584127448
ck_4b088920f3a844c1,0.01955162015842258
ck_8f3ccbd20d59f1f4,0.0035594474473704682
ck_e5e5dc431bed6f9d,0.007811695753471777
ck_e8b5bfa6838e28d1,0.013301808573442672
ck_4bfeb78b47b7c6a1,0.026778897253998412
ck_a705c61bd679496f,0.004226423751490247
ck_731869a0c39cb2fe,0.010832830187695972
ck_259eb102342057ea,0.004340926490111897
ck_47a6005fabc33551,0.004316671331761625
ck_682262b455a9edd4,0.002530926615164358
ck_e839d104854945f0,0.0031305361966842355
ck_761989aa4c47d746,0.017338123394459233
ck_44211dc210139ed3,0.0028768631939354245
ck_9915ceedf63a5289,0.05383470480950416
ck_da59ab47cb6284ad,0.0018181788191054843
ck_e5cdbfcca2456652,0.0028865892906203396
ck_13f2560c6a1ec62f,0.010491006876058816
ck_a0543e9b3abe1001,0.011497806980196475
ck_11c7a58e09e6547b,0.06157949825639547
ck_69587a134d43a4ad,0.04515139098789535
ck_28dc0de0ae291f37,0.019826505875909645
ck_298922703c5bbe05,0.030861678086904994
ck_fa5ba9ed9ed6a343,0.029183052651021744
ck_c08e64d424e56c05,0.01585045255392461
ck_598e036a28262aeb,0.013292763294421878
ck_3f7c870510083a51,0.00955331182878422
ck_364f8203a3e98d36,0.6838723395445283
ck_7333cedb61506ead,0.0060364537932794966
ck_1d96d7fd65f208b2,0.026748153515248
ck_63133a79f23e2627,0.04823637079341063
ck_901d820e0b72abae,0.014354281151766863
ck_5dd80b3c01457bd8,0.00882644904260942
ck_c0b8067c144ed6c1,0.007497932307017318
ck_cebb8aa8c8f62c60,0.0031653148007000096
ck_79749eca42ff1f5f,0.013757592229878001
ck_2cc1d9b587f6da31,0.04752458349268181
ck_ccc7916b56d42195,0.008038199502806317
ck_e43e53cc7b8b8e41,0.018465869403636554
ck_4ab74a6e7450416c,0.002469336773505805
ck_6e44024e9de301c6,0.0024340878477066208
ck_dd78cb6ae2866cc6,0.023898672895583634
ck_c363d3b050baf3b8,0.00890325020132367
ck_2d46291975f0dd08,0.0023487235770878988
ck_76ebeb5aee42f041,0.018438071706365553
ck_8395f004cf4d4c08,0.012142133313730711
ck_de7259c3741db179,0.007332011894282911
ck_3938e92585df2b34,0.009526473434004906
ck_af69bfcf4f07d932,0.011188433692435145
ck_1723900ab9afe374,0.04313246189982007
ck_3d58628d1c853c8a,0.0050520359075484755
ck_12a074db100481cf,0.1939145583295447
ck_8716cbf892c50e29,0.009109404057937821
ck_fbf7351958ad9615,0.006878118171329372
ck_a50370907e6b397c,0.01821389741594489
ck_937402a60df0821c,0.002328385618412796
ck_8ce9c5807acbef48,0.0075857796353336875
ck_acf7d65eaaa4c31c,0.0020448922955903686
ck_ec3eb6dd0967cac5,0.01765930128818919
ck_fc832b0c90c9bdb9,0.8608216151740958
ck_8129e81cde280131,0.008326573607990915
ck_52c0ef68aa2fb8cf,0.007371076677022791
ck_06f042e9b1b662fd,0.037579293346162244
ck_0bf35dcf7b38f650,0.0023725599452989648
ck_615763afc2e17a7f,0.002311649785620296
ck_e72db9d4b2fc9997,0.9763307963844534
ck_13757bf0eeb353e2,0.014688017745267767
ck_abaf371ec8249c4a,0.05450907458310883
ck_9b7167da0920c37b,0.043856477611254545
ck_2e824b0b27494a17,0.03364667438708903
ck_9a0b605e9c3220c4,0.010692400710543892
ck_a5276af466b681de,0.00398990620036104
ck_9e0383e1fb6e214d,0.18648494446745728
ck_6a27c44b691dbfac,0.002697416670360853
ck_af39767cf583905b,0.020963837661788727
ck_243b1b9fdd3f9a74,0.0021963494318403124
ck_c0422e638a9c6046,0.012923122546316343
ck_e0f3ea3373dfc4aa,0.00922445044731007
ck_d56ee1654378ffc7,0.011385106090846786
ck_20cd2f5666719baa,0.002059139599289143
ck_4dfa1c1e9b69fcc8,0.01634226824824499
ck_5d22e9ca1d15180b,0.4549838353408492
ck_f4a7ac178fd55f0e,0.0027097705645059205
ck_fd5609bd23a1eaf8,0.006859806590546013
ck_49c3bf13dc9471ce,0.011850275722088313
ck_724085c3452d4693,0.1345415521345263
ck_e5d1462846154a75,0.016833444919087587
ck_c69ef0f3e7d6acf9,0.053832686439403574
ck_a2d0417791d4132d,0.0060676637076980304
ck_00a07fc2a9183c3a,0.0025918173148095397
ck_781b8288e54ba8f8,0.06354509121797666
ck_d74a62ab3804a81b,0.008098065597344706
ck_abcbde211b6267f8,0.4351874586641489
ck_16dbafc035574654,0.003866074334156232
ck_018f780215ecaf38,0.022836354858927783
ck_0b259620eac51618,0.012132932052722385
ck_4f875342394c110f,0.01693961933721949
ck_399e45e5fe9beaee,0.0035859081885558663
ck_36224a2d394ebfe4,0.1065205283194645
ck_c189b551bd111332,0.002356852547104251
ck_125c5a720ecb177a,0.017437878303585376
ck_76d010aa02eb477a,0.0017902702098092417
ck_1071d14c46c92379,0.5692516162489081
ck_61d244b2cde483af,0.010328531464194237
ck_2ff1860da2004c84,0.0024444849180814635
ck_c5b583490198672d,0.009281696422020183
ck_1294f7af22fade11,0.09191970793772362
ck_e3a22799716df39d,0.003189225664193489
ck_c77e22834ef97005,0.6801164491704592
ck_73d3689728270a2b,0.0031244005273802465
ck_295565fbf77ef885,0.0037862017174481385
ck_80c0a7f54ff4895d,0.004627916472875616
ck_f1ef5cf7f10b16c8,0.013009450248918647
ck_a958b2461ffc21a2,0.040131810990059434
ck_0e7899a57cd617d6,0.0020692812939948546
ck_9d4fed252718f58a,0.02218395097061768
ck_83c2c34add971d76,0.002610892705748776
ck_9ccc030ba2de9fb2,0.04124289543950154
ck_cd691e3466fb3742,0.005160858255248365
ck_49df70f908dfd069,0.05524958127988936
ck_362ce13eec1e33a0,0.002467045848776914
ck_2452a30397dfc54c,0.01574069481419244
ck_a443d49c2b4863b0,0.009175705375792233
ck_c8b2e2cb349dd0ff,0.0035742056198354104
ck_354909fecf5da8cf,0.010681322779824623
ck_841f598bbd54c83f,0.020479590071117527
ck_cd6fbd4e8724f994,0.009897547088591687
ck_e0b3158111370118,0.007926449783963087
ck_4c2f2eb657c2c60e,0.004483297840076005
ck_ef346071f0b7654b,0.00943930401961215
ck_f3bc10e3decefce4,0.004741146603415814
ck_189b6fbe9b9192e7,0.01239440948277688
ck_5245cbc5ff4d4fa6,0.015337435973959503
ck_cb42e3be6fe87f60,0.0049760677100222275
ck_966d4d713cbc7792,0.0038375982438813286
ck_1c8c969667cbaab2,0.9083924130897826
ck_d35e3aa9ef5d405e,0.08409352378457233
ck_a1c39df50a5873b3,0.020342051369216393
ck_a152165caf295b51,0.011750869797893988
ck_891eaedae139828e,0.010672141245379008
ck_1a46b56f4734d52e,0.004512307600641833
ck_5e36042cfad96c99,0.40176152392036285
ck_02a8582c2603e675,0.010745745370315415
ck_6def9d0429e4ed4b,0.009980504456182785
ck_e137400825a1e3e6,0.006665093277746273
ck_d91ab840848a54fc,0.0024791223061965237
ck_becb6e1c608e0078,0.003126284869974759
ck_6fd8c86ac719d7eb,0.038292161730120546
ck_3ed4d13f12fd9d0e,0.028763098500355095
ck_007337aa99a4891e,0.0019663688980230886
ck_60c3d8306527a08d,0.005773603780841878
ck_95458880a54df0b1,0.1524388574886362
ck_b48cd8593533fc1d,0.7168431582191133
ck_021c6a4a7e3f1f0e,0.002967455068713259
ck_764d40f865e710af,0.006759044814405171
ck_4b84357ae8ec7777,0.01598658531793879
ck_3397c7856b4669a5,0.0019529004294513326
ck_920bb003b42e6310,0.007763243826847202
ck_8f59f11b512d5b7c,0.06535272194734665
ck_a3acf4b986afa98b,0.2780534150673838
ck_e89d25ed7bdeeaea,0.00256728269896648
ck_70e6bca473bf6902,0.005784532788750783
ck_186161ce152836f5,0.006055132955488728
ck_9191579254663f5d,0.039055393663817814
ck_1e6628879e9d653c,0.009787010007644198
ck_b498fa91a0776ff6,0.296016663222096
ck_cfc2384f22954830,0.02407499880175213
ck_17673a1c2867888a,0.0017957755615111413
ck_523dce06515b072d,0.006223425103560582
ck_c20638a325ead2e4,0.0034050885532990647
ck_d3877e1f907cc148,0.013551166454233479
ck_e9a2495dea8675e2,0.00943583412659921
ck_7e561caa5fa1f3f1,0.023951204492793473
ck_455672e652fe1abc,0.9486279897995363
ck_7f8f864fcc90ca82,0.014536301670992896
ck_1ad36046aaeb816c,0.008682113231086249
ck_de056e37c82e8e00,0.012522324576063249
ck_7484c214c889fe7f,0.05946145078910594
ck_32430e678c4f9f53,0.005370253552300321
ck_6276ece8f80ea799,0.012370988911168305
ck_ae8e5dc4b725bc25,0.05953436843554579
ck_f01be92dc78a2dc7,0.01412995556716273
ck_233397a8bd40d38d,0.006446766437714353
ck_f8124911450fdf31,0.8331741911963512
ck_aa0a3179f1111674,0.009907243844228251
ck_2366b29ed9887a5e,0.002153286300081302
ck_1f22f04dfc08cf27,0.005384893729348034
ck_b62276c3426d680c,0.013895904958406383
ck_d099fca88691f66f,0.03936642143461505
ck_166bd1dcbaf4d6fa,0.004523755977050895
ck_7b1660e942436e12,0.014522609016246638
ck_4a9a791a1d409a3d,0.020052905567454378
ck_b003e5b54df65db4,0.01614024688002278
ck_64b4dcbf436f0b75,0.010218055676022405
ck_26e9a7bb2061a58e,0.6620224503433396
ck_08b77ad5f8f73007,0.008231336973130794
ck_366616a725afc6bd,0.01686113580214591
ck_934fb5064b6eefe2,0.0026762886747177454
ck_c6abd5d57b1009d2,0.0024061008735621553
ck_edcfa9e1cf29d813,0.01494657660150911
ck_c30201ebd003fdc7,0.008739390212086856
ck_c54643d94d3ce355,0.018515754642082015
ck_02adda6e91e49650,0.010008463916907734
ck_5b73d7c5255e58a3,0.1558928904625822
ck_129ffae92dc01408,0.0017480101863013478
ck_fa321945ebedb916,0.03517910469142045
ck_8da980cb2e1e2bfb,0.005481610973524222
ck_0576b00d728bdf19,0.023344939147482764
ck_c543d82e22b3c8a5,0.0020951089779157614
ck_0027ba644f9ae2cd,0.03829259273452669
ck_8dbf61df902a6bbc,0.0026338357726856457
ck_90eeca1cda79fd41,0.003352114900840316
ck_86d7127391d4e01f,0.002596943735848221
ck_73762038c7ff2f6f,0.0036130474610316515
ck_a1484e6215fac651,0.8403965113057057
ck_cb83b9f806e90dc6,0.060169604198999346
ck_8c6f059c95872126,0.002429944076627805
ck_3174419a81e7caf2,0.002710907753242794
ck_6a0f8f8fa4a3c2bc,0.011930071649084516
ck_b5777605668bfca1,0.0023008968538304883
ck_27e4de495abb4d15,0.005270036897637458
ck_7f6fa79c7a107161,0.012304870340161627
ck_c36ed9f8e6792ea4,0.017704557572120493
ck_67a1aa88d2ea554a,0.013229156052849545
ck_09748dfe4df3d540,0.002560911610394527
ck_27fd85b1e38b675a,0.0037927422265492026
ck_2369689bd795ee10,0.006295476225139959
ck_4eb1c12f7d092bac,0.0028326179309549017
ck_01fbafc42c8e33f5,0.008638911938978328
ck_93c4e05699b3b7d0,0.007847726608280628
ck_afc484d1b6907983,0.0029954595688909307
ck_1b2d9cae92a1aab1,0.02534042357315406
ck_73b729cb161487f2,0.011242057027404623
ck_fe3c1d0ac090d960,0.018993842088782468
ck_408efac1d3885ff8,0.033910632338934696
ck_ccb4dd9d0a48a76e,0.008970113203476179
ck_2987eab34ca7805d,0.02353634430704581
ck_1dbf1f15193197db,0.01832677342485906
ck_4ed711fe4053e74d,0.01799509631497697
ck_6c54adce174f45f4,0.0032646538983695924
ck_a6c740041faf0bd5,0.005452332241486178
ck_b05c4d33c4f43639,0.030715151970151722
ck_032880f1114dd51c,0.09535378874838556
ck_22311b037456a76e,0.002004948994119994
ck_5866b413549765bf,0.004110405220947394
ck_0e808afe2570ecac,0.007547906282113026
ck_634276b05f4381f8,0.015359086466111916
ck_5d8773badd0d4740,0.010029301915428024
ck_82b5b79ce3517102,0.9074584684195998
ck_b378b8d8100ee4b1,0.008262723992804468
ck_54e581f71be5430d,0.0027088483341339534
ck_798ba4b8aa544fea,0.004249215524509062
ck_3fe86b6331ff95e3,0.15620289669516554
ck_81275d9d4c559e6f,0.00423795614545251
ck_99a4e5ef02d89493,0.011545887937623817
ck_54e2eb018d947790,0.0049283973904240466
ck_966901ea9c77cc02,0.007070152133852372
ck_27d69ff4e0cb428c,0.08169560313723395
ck_2cee2dd7bbfc09a0,0.861134982822511
ck_4136b00924695ab4,0.0015331952737866954
ck_59a164c40c03a45f,0.0037132228595214713
ck_3e24b026bc66789b,0.002539499799425437
ck_8105bcf69a75ee47,0.005052057625753571
ck_7a1782cefe26a456,0.024563169347702904
ck_970c7dc195161272,0.0019680180406501996
ck_a48ec0c00ae20e82,0.010348604679603036
ck_54b374ade34e1dc1,0.0031809684902819983
ck_74e5dec189761d14,0.003175858371991186
ck_4717f24f2c6f40e1,0.012940427573894495
ck_fc8cd8a8209e802d,0.0074431468336685555
ck_71db4131d7efe218,0.0040367052988001155
ck_45424ea6f0bc4650,0.05453542429247539
ck_3716c6181a5035bc,0.026108992743287353
ck_26de14b96bdad4f6,0.008416904722719557
ck_99c0a41ac9c73857,0.00425858855336169
ck_645f15bbbcff3b4f,0.9623346313138587
ck_b7e25ddd41514d4c,0.0022224532754168873
ck_d5c14e877ca7b755,0.0043414461852049864
ck_05ea4440dac6cfad,0.008287262920835951
ck_c58bafff7b1955cc,0.013539516177380367
ck_f0cf85b67a9b840f,0.010546556178047223
ck_ce1500a7f0d03fba,0.0042338932165415216
ck_d4972a775aadbbc8,0.005799653751404927
ck_3eb6146c262e0fc3,0.0016970406378690357
ck_afb23858a4ef42ed,0.9640931441011477
ck_2c1def5c91c52a5b,0.6306783410526804
ck_72e550559487b919,0.007236265603762811
ck_0284dc2b4f856b3a,0.059454365357192805
ck_03be334935e999a2,0.0033473763862113337
ck_e35a4b4a3cb4cedf,0.0079680078483635
ck_5abe57dfff4b735c,0.0029935225754221333
ck_f5f87f772388efa0,0.009659938209370486
ck_5a22cb36d612236e,0.006516018189532823
ck_8ff1e6028e764472,0.8287848962048839
ck_2ab28149b0986642,0.318494832229194
ck_c88fc1bac79fa6d3,0.016876593572887226
ck_5b137d74bba6b1b4,0.0022761536430212044
ck_11f362dca2dfaf5a,0.010657867489573303
ck_7f960541e5174565,0.002273916626066901
ck_d5458ba39ae94498,0.012431755969727745
ck_0a921a73a90c2e39,0.010743513892406364
ck_6ad56ef40086dbe4,0.005646018539244079
ck_b68199ecccf2350c,0.0023208256719729975
ck_6dac66c8198c07d8,0.006195016836093334
ck_9b9ce7bebc235fe8,0.0034856555717267526
ck_6b817117d87063a8,0.014834566420804492
ck_900d62b3184378c7,0.0022868564948510276
ck_eafe9b89857149b5,0.009632656966903304
ck_e74716a525ee5b24,0.0040592658077988385
ck_4e9a6f06ab134102,0.0361538848101867
ck_b0d33b5a3716661d,0.0034214463022917848
ck_8703543bf3134306,0.011015487535007312
ck_923d6a0f83accef1,0.015849542739516505
ck_52e37e2170532e2a,0.057071101680520195
ck_c1c5ea839c58958a,0.01921807659340107
ck_660f0006780e87e7,0.004892157110241907
ck_830b2c5d1818ac07,0.015462066927604795
ck_b080ff636932d1f1,0.003337572545587136
ck_38730aace405f2ae,0.9852576580829467
ck_9790138467a06223,0.002363649008173068
ck_10de0b0d86b17839,0.003656575731234163
ck_c3e37a4d3382c32e,0.0031754179871330765
ck_dd8edfefa1eba531,0.003246665105489881
ck_8153cdadd300d234,0.0019673306528820984
ck_74d0e7c2c6b63d36,0.7348260080297313
ck_c478aae3031bb328,0.00235137004963661
ck_cf301f2194975866,0.01077302418723365
ck_f4de03f44e3a5bd5,0.003294321509858824
ck_b06ce826e593b210,0.0423792599335517
ck_2fc70b6baf6a0e26,0.0027532907719331682
ck_d208494cf5c90047,0.020427936128161517
ck_086d29ccae565e5d,0.004209722903185757
ck_d5ef6dc116dee408,0.007305388521418478
ck_fdf0c5b722d83464,0.004414964931305834
ck_de8494b13adeffb5,0.002443036671767916
ck_556786868599143b,0.045243875669760174
ck_4940e78cbdcfecf3,0.013344123421938433
ck_d32fbbfe32c00416,0.011042477822653192
ck_bc7710f7e9fae649,0.00809354973504103
ck_416f7ac57da081a3,0.011449208908751164
ck_6fb39b60c67d5475,0.002848036571600022
ck_e40a156511345d6a,0.002696005066878435
ck_49ab879b5aa7fccd,0.08233098360386312
ck_bb643194d1cbc47c,0.9832884724435
ck_b3ce8f1bcedfa043,0.010570093258717123
ck_558ebde8c29132a4,0.006882934074427279
ck_e6222925762273b8,0.041619799061283186
ck_bd80546b4807dd59,0.003967412768705862
ck_bd21164bd2bbb635,0.011271486787749418
ck_ea835557d7043667,0.003864705457868511
ck_1411a80a157ff39c,0.011963542385391593
ck_ab973888c20c9120,0.04349182305348318
ck_95b48972061abe82,0.008071011441538812
ck_fc4a43f8876bf10f,0.764725512372377
ck_f34fb7ccf82f41e5,0.008860144705932098
ck_5af9934a56801ac0,0.006379289300718803
ck_fc7445ec76389a58,0.48907367408992747
ck_1eeacc26f02fbba4,0.06228407660861
ck_4f325dd15c9bd45c,0.0841048835874927
ck_5009a6c8bbaf15ba,0.02686373672132657
ck_0f3de7f074bb33af,0.002874804452796864
ck_2cbc2f93a32eede8,0.01674185167508905
ck_4bb90a61c21a303b,0.016393422706899096
ck_3ade9eac7d7b0dbf,0.19655252127971543
ck_4859a58629622915,0.011943949272562463
ck_5fed957287ebca03,0.002188016881775278
ck_ec01ae5351500355,0.0034925012586366376
ck_703b41624ae6a5b6,0.002880072030563613
ck_97c38e7f61c27e47,0.012391771289884324
ck_db2c0908150cb2cc,0.010207184182086382
ck_64ac5e6fed86ab60,0.9386971037662653
ck_da1c853b0a061e83,0.03667478172794334
ck_9a36916b60178ded,0.7130468974745
ck_3715bfa7fed2c675,0.004413528722113056
ck_dd3feb77d7d4f6d3,0.006700394031876507
ck_982ebb24174a4ade,0.06533389540463454
ck_f6b7a10d47dd9a1f,0.007264574794817333
ck_1f56fe99f250cdf4,0.017021054215910634
ck_deb3ac0606d6f6db,0.011166863066428839
ck_e666629e5a41b39b,0.007211564900758213
ck_756d2c13d02b3e09,0.012046872179736864
ck_7bc752ae7cf5d55f,0.010908954388517701
ck_fc0cc4b25e6a8194,0.008022685844891539
ck_9b2b0e286de78a1b,0.016909891590235916
ck_24b0803447211bf3,0.023163795240704645
ck_82eed68d05a42128,0.027122589855780376
ck_c8a03c516ed5b05c,0.025716431942783214
ck_e914974cee1bccb1,0.003954819006256579
ck_0c533ff2d0f9962a,0.017089141525822145
ck_c12805fa5d970a83,0.03960709664867319
ck_fc2cb29918631f10,0.15574020687320744
ck_c20e89afe575549b,0.0022740469510471495
ck_e1ff9e31becc27ae,0.020518252415860267
ck_18116d0ac08f1996,0.8462097123899497
ck_885a83975cea5e64,0.0024207089317189474
ck_a0c3059a959ba5d1,0.01344762738114776
ck_75257ca7d7da2861,0.02339701971119893
ck_2210f7a0d13bdbef,0.019755981252954812
ck_9cbd9ecf8374f65f,0.008102470595812521
ck_18f67c00ba21fbde,0.007709652584152916
ck_2d28f14d3973d8fb,0.0017719771725780344
ck_8b3401b44aaae728,0.003128572432168873
ck_9d8e9ef37797d3af,0.36136082999916447
ck_9f50920c894f64e1,0.008249535371856747
ck_4737e0d56c6fa0a1,0.016959052395616545
ck_52c311f29ca3aca9,0.0025878768022656665
ck_6a4981bc721df37a,0.012665469053173756
ck_823539d936c55fc6,0.003403189648488237
ck_df5aedb4118020bf,0.7806835995034492
ck_a911a066ff0f7b56,0.022815484431165677
ck_684609767df4a14b,0.0291797584178231
ck_f2350bf355dc919e,0.006521369464691276
ck_8452b6cf97c65a5e,0.00775693822801764
ck_084cd84501012218,0.43382699632352206
ck_ace6b72e5bf3e93b,0.21629918820201732
ck_2afdd69094c955c5,0.020432153962435272
ck_fa7d5be26bf7b31c,0.062103660325111235
ck_4b041217690fca2f,0.02556765657451982
ck_9fb8e3d38cdf276d,0.8985453297487084
ck_c1ee56d65a42f59f,0.007927348743492421
ck_fdeaa1cd085691f0,0.03899679614748234
ck_5de33a7a87e9aa62,0.02395624149616281
ck_7476e7fe1ff45545,0.015065485399991724
ck_b0a947b498e47018,0.013558952551853007
ck_e3894ed88a7977e4,0.004261331292835901
ck_c7e07ebfb0bc15f6,0.015098722064334515
ck_3a3daa8b376f2a18,0.0024958291984735455
ck_87809324c2675b0a,0.011039534389758653
ck_7eb4f33260f1dcd4,0.005714914076585526
ck_ab9f0e08af030060,0.014277647129962129
ck_5b8fc4a76f340797,0.03766844439875057
ck_0e7bf10ef49aa818,0.03333579120805856
ck_a44462a3853ac67e,0.9687385149278279
ck_2d14bcd2e0fc043d,0.006153056046750758
ck_df1f2dba802296be,0.8507115363855773
ck_466a7316eaf149b1,0.012466170310266995
ck_50df50af592b0c06,0.008495187916742263
ck_5f9e34c849704b95,0.002037128651787296
ck_7836bf6def26aa87,0.009839120147902577
ck_ba175b1bd8efaabf,0.0034942789439403156
ck_1a0aac7f7b94b1be,0.10213088497248675
ck_6768c4b2aa8ce586,0.010293413303998957
ck_eefcf0ed15897898,0.008517234691520971
ck_7a6cb27e390b6ceb,0.009416159842811696
ck_5275be4e1577c1c7,0.003581342821373505
ck_6bc0e5b8c0b7d2bd,0.015997061414301916
ck_4874bdec79f9106c,0.011924837201225535
ck_a678731156ad7bd2,0.09454456314505696
ck_db906debc36a5d1e,0.0152533766949325
ck_e87897767c612942,0.0103433272747601
ck_45ed5ee496ef8a67,0.010539666345414356
ck_ae20e28f9854f3ee,0.013147300358894318
ck_9ee044b73943a90b,0.009710378398816005
ck_dab34cf6f0626c9b,0.02042602837523106
ck_64a02b7b96149810,0.002348657099330843
ck_c417d06f3e94685d,0.0029740241812948763
ck_3e0149cdee4cb294,0.03221392256639342
ck_0e6046fc30f81705,0.024322034351324545
ck_c383aeabd53e9c89,0.010000509360292462
ck_2ef76f1f36e8b869,0.04390383335371725
ck_43948784650bb9ac,0.006031511889328138
ck_bdb966f43ac350ee,0.02013078538731066
ck_5bea0e0ee0b094cd,0.00654753945584149
ck_dff090f03ca5529e,0.002785415820721878
ck_a4691b57f837d88e,0.011365050063197246
ck_99ee90946395d74d,0.8503675521594907
ck_cc81dbc83a8879fd,0.007720621995924088
ck_f3dc0725621b3a35,0.003348252909554007
ck_1bb212d1288b9689,0.01266289896311098
ck_9e7278fc7679f002,0.018043562809313924
ck_3ded7a8720d7e311,0.0064802462096390945
ck_798157bcdb9453e1,0.002309947452553903
ck_9fba80f56f357fe1,0.01997188494480481
ck_f1e1c8491f16f912,0.011693729715318495
ck_7b1319a5ca2f63c6,0.9681638769170536
ck_124432fd5c92af7e,0.8250772504544409
ck_148cb0c723284dc0,0.006592743230548617
ck_b56c62c950eda009,0.0023208689704720025
ck_a0498755cd8d7188,0.001795989266637094
ck_5379452a9d74efae,0.00225484076135933
ck_6c2453229d608183,0.02004392136832959
ck_f9d8b4813a88c1e6,0.006846190855943579
ck_c2c7d1e45a521857,0.015061738506153194
ck_4364a83a11743888,0.006259901374140132
ck_2cdf5fd97ba75e06,0.42532157370340007
ck_71bc01291e0533a0,0.006116298882536231
ck_a725d7aed2a0bdc2,0.00249077190372353
ck_a9b0c4dbd7db6a91,0.013588060817733427
ck_a4258806a533efa9,0.02051751433905899
ck_905e460591d9a278,0.06117412724249681
ck_20de8abfd8960ee3,0.014051608812143077
ck_252b0a0f1119b220,0.0016622136489944524
ck_95e4bef65c36af1a,0.003138087128000093
ck_5ab68b434ad53fea,0.006337950288482332
ck_13677a1957078827,0.0023213666653711345
ck_d251e9fa09e542dd,0.9839202820772395
ck_700cb620f300dd47,0.007317662942323939
ck_39a68c55a1bd3ace,0.09722773269875808
ck_61a59a7944d6c53e,0.7284540243933377
ck_db6d1c6d31da967a,0.002879998546409252
ck_650020c500b1b50d,0.015554288754342333
ck_d812eb6930192793,0.0022297778086832047
ck_92f6ebc11ebca89b,0.060338039199526725
ck_d87e26eb5bc84b01,0.0023194606351987094
ck_66439e697695224c,0.002385035088246834
ck_f21efd504faa654c,0.002829551315995047
ck_15eed0f5652f0352,0.007859510537960916
ck_bcdbf57d98dc0d27,0.04782331117575011
ck_873ceb8004d3a9f7,0.029711210132836584
ck_70bef9ddd4bab005,0.00499242548577239
ck_7560f1891d66f294,0.0031223502355735844
ck_f439f16f8693883f,0.013814248326606063
ck_14f9535e53f9c7a6,0.01320875426982939
ck_5984be472d2bc267,0.15175371418346822
ck_ed01be7504dc4187,0.01449143651779691
ck_dc3d8b5c17b67ae9,0.0031218618607434133
ck_9dc23031b6b494af,0.0314906599677942
ck_fbdac0221bc03f66,0.020017112150561338
ck_863708a99b92ef0d,0.020456735014503926
ck_22b52654776a1ea8,0.9354508435490276
ck_a0714f98001efa0c,0.00737152578126208
ck_9c56114f84e9a541,0.00463030222734654
ck_e155cf506b2fb699,0.003048513003590231
ck_65ed7e72f24731e7,0.004465770271711836
ck_822d6e8e43befc72,0.9067572378347426
ck_b1182471d9ac6b26,0.0027219662577190238
ck_821446adc95e6da5,0.006499512251899852
ck_ff182f033134dbb8,0.04389084363782103
ck_9c5feef7647b0588,0.012515606529877859
ck_df935d8bdd44883e,0.00732524844065065
ck_01eb24c18ad11fca,0.03958259634499599
ck_00d6730134a1eb51,0.0038347617976796514
ck_79ba8e85678d0224,0.007306315662328382
ck_97e3b04a1350f6e4,0.019433925477622994
ck_74e9747954a46eaa,0.0056697141406449915
ck_397d5fcc9972f909,0.030517626937847507
ck_9ede89e8a43c3f53,0.03162247039474651
ck_303b33910d67f306,0.003004092106289692
ck_3c17841636f6f7dc,0.011893868579583546
ck_78730527f8ba1438,0.09445927868012846
ck_5ee32bc6bb5d1d4c,0.06416162533348177
ck_a13fee8cd925d0dc,0.015613821900712994
ck_6f847263379f2e43,0.008956759356964519
ck_9b9d9e579e7b55b2,0.04038076001165821
ck_87c1d0a79e79c84b,0.013015185404251256
ck_bfc453eabb472f91,0.006391996367352338
ck_978c21bb5fe3171e,0.018474406600296606
ck_dd882323474431d4,0.0373561797587844
ck_533c4f7400d5ab22,0.027032773738641058
ck_5f217bfe28954e75,0.9421964359728326
ck_ae96d35465b3b4bd,0.015833345633271673
ck_512ebe97c0af94dd,0.12094331869335835
ck_f558fe02bb0219b8,0.009791068924808695
ck_84092e23d5ef4d51,0.026291221312246815
ck_17d3022ca12eacd7,0.005639236732622749
ck_8a8f81bf3558fd9c,0.0038242261955093518
ck_0ada6fed1864e7c4,0.011360009938381271
ck_21fe7bc59dcd78fb,0.008835622465248775
ck_e136e20c1c74fe38,0.011356866519782927
ck_e7a530e09d113dd7,0.40908639271874064
ck_7cb0c9ded4d63027,0.012651171989745233
ck_102db9615e722c9e,0.0264485725182049
ck_129e39ddfde92eeb,0.0025265474478868926
ck_d730ff21bfd7769d,0.008785699440245895
ck_54459b45d2be8459,0.004003876128404213
ck_7f1c20319eb60aa6,0.9869703578338672
ck_939fede90473e412,0.004661674617396399
ck_e0f9506a6d5f4a1a,0.005954789569495727
ck_9a4967cdf49265cd,0.12218103340695903
ck_b9eaf03453ac7d5f,0.00623573258777178
ck_522477be6376b450,0.005953689610904986
ck_9b6282e3bad50710,0.008441286767001923
ck_a0e3a2facd508e49,0.04545684812492535
ck_97ffae702f7c3d08,0.002249974814845513
ck_344a95cb7115ec67,0.003306430598116657
ck_1f2760764afa45e8,0.0037695005158929614
ck_720cd658d11ea428,0.018805179033035743
ck_04e32ee9834c088d,0.526990515237989
ck_2bb1389e5e72c8f4,0.09823186912479268
ck_961e7dbc217cfbbc,0.0031774449000681534
ck_f3bce4eccfa6d6bb,0.005320196358607513
ck_e0ccfa0d689339be,0.007250740055816493
ck_98217aeafa0bfefd,0.01223367081930178
ck_a02aeec1914c158a,0.013950077869982105
ck_20a17e8f206a14c8,0.009912113600169867
ck_114c32aad4b6183f,0.02877053305688878
ck_79f5198f0decef20,0.002476502744433985
ck_2209de229b4c71c5,0.013785484757131244
ck_6ee939b7f396975f,0.005561284994311979
ck_202f0c14b07ace01,0.030438972156449966
ck_fa24db9d416ab904,0.007883664251585537
ck_cf6aa24b92c4d33c,0.7196230535298003
ck_45f57fb8194cefc8,0.006801746398724773
ck_d5eb179dc45394c6,0.009018420457725631
ck_efb24be983342f75,0.007113743253159101
ck_245f5d62ead5ef28,0.011216903668433559
ck_15fe2a47fa7e92ea,0.002913220214469981
ck_b6527a85fd682554,0.03175035092027843
ck_11f9390a11ce9ff5,0.012550493907236473
ck_ffb4d892c5158201,0.010442303483831527
ck_d4c1da5a1427fd6a,0.08125914738567479
ck_2c041b1efb1c5063,0.006612570521981359
ck_ecc18f40b33be769,0.020775317547931882
ck_0525349f3945375b,0.049698692224182786
ck_0bfe62e0c7eab9c9,0.021198576204646345
ck_b7c37d410b1646c2,0.01233152925007734
ck_4b15b0746318cf42,0.04488316715251841
ck_e5ee006ecd8ff661,0.025015933208812107
ck_ccc83cf66365357b,0.0200374531252899
ck_34a33ffe8339f66d,0.9424483193249135
ck_4e39e3b165edab58,0.536682208664294
ck_1a71f8081ae00190,0.8367809017384978
ck_ed8f1200fc049c40,0.8724932986447238
ck_8a5a57858e8c77f3,0.014125666087714229
ck_fff9fdc2adf5100b,0.8726622134282239
ck_c76f1bf40f3b787b,0.0020939175622290357
ck_1a6ddfeef82b1b1a,0.007468942958791487
ck_478d2667aa9896d9,0.003414651212730523
ck_641c8e7694b21f3b,0.0035471876020192325
ck_293581d879f6663b,0.834491915992379
ck_1bfa8abdb22be8f0,0.00903513292217988
ck_05ab5b03d0bf9ce4,0.09530514945743543
ck_35694db37f0cde7a,0.002291032028704793
ck_fe33eb743d714c03,0.00966764326473357
ck_abd10fbcbaf2b038,0.00429725922511615
ck_46d51648c1bf80e5,0.127662781303566
ck_5c8390017fabfaef,0.30984976380056756
ck_87d55ca333f22072,0.0016312649148459777
ck_c39c6a1453e2b92c,0.0020232160690011975
ck_69ff1b0aa143a168,0.0022392339064470574
ck_e57c79eaab35ded7,0.0018977999961788561
ck_463ae759e2b6ad1d,0.01964605739812415
ck_0dae4a7eb587f3ba,0.017226044578062687
ck_9b12fb56529ebc4e,0.015366911542712016
ck_1af547077ba2dd03,0.1678888592509616
ck_de13de941bebc7cf,0.0017609219547076542
ck_83dde7da2bf647ac,0.0042461501957289675
ck_c80a94d4660041fe,0.014294395558958561
ck_f39cfeb277ef6528,0.00358091836192354
ck_1cec1ed1512a2d3d,0.002137980855400183
ck_7955a359b6448799,0.006432009092265203
ck_8c0955dad13c3ca1,0.0029085743428977507
ck_6d4cd2de601a2308,0.013158555894689988
ck_f4536ba8dd2d551d,0.010718070174502568
ck_b379c198d6db2d62,0.011805946342805974
ck_76ea90ebc74bcdc7,0.013772694929308516
ck_734f06bd4aa92781,0.009098137982564494
ck_677e1d0c14cbf569,0.0025153435914295596
ck_259271c70f3fbcbe,0.030487570193355084
ck_c0b744eb9e7d4eb7,0.012610897613504294
ck_3d41faeb96802f68,0.00454560761298668
ck_8f604fa70fc3c8e3,0.020830407342562418
ck_0b3c3bea0e0ed339,0.009464708861729069
ck_be5df076b8a86409,0.0025197464875765362
ck_6a475fe324d7d790,0.018686753406099883
ck_3ba3fa5387bacee8,0.001726095567336131
ck_324b9939d9c1c31e,0.007052236265257472
ck_a7fcf7b592f68ca1,0.014567658490938176
ck_5b2728f7cca414ae,0.001692596787750317
ck_5f4a25ffd0b85a47,0.017039146727798247
ck_63d4f5076fe4406e,0.004173796910527787
ck_af528d66c86f0cb8,0.2884723131243261
ck_ac7cdb9b8da7b5dd,0.011087789199454036
ck_3bece63711407e25,0.021181655450319352
ck_d4e0b2a12fcfc35e,0.006163092469820481
ck_ee3e7c9d3a9c74b4,0.02217064196209048
ck_50d7c4dab837bf66,0.0052071892857118674
ck_ebcb93a2990fc914,0.03533486062072728
ck_2329cc9702cdf7a0,0.01916507691296553
ck_db1fa53d588bf99e,0.006875764327038116
ck_44e57a0bad5a0745,0.010090165323030498
ck_472c81a144f4631b,0.0027209475490053933
ck_1658429acd5306ba,0.01655881058724034
ck_466103ec5bd9444b,0.011863257102435958
ck_9757163e25262b74,0.01709906298380693
ck_34ed59bc2c9b0186,0.006967784435440963
ck_b7bd3a7f263f4f29,0.01849765005240215
ck_149662b09d632e41,0.011675051302839183
ck_a9ffd6b3957bd41e,0.003156809121548873
ck_ab80466ef615e85c,0.0025260202602584354
ck_f2c824d3473db24c,0.01298922291292474
ck_a4a01fd45936b078,0.016980722302531587
ck_8f6ce158c2902877,0.0025401756972182337
ck_5189a302cfa7cefd,0.0019150793705212635
ck_430a3d03be588201,0.004604954378063045
ck_b5f9dd00914b4db4,0.004806336051748931
ck_52dec82e9cf6135a,0.0024935060927934118
ck_95e444a01e2ab4a5,0.009500756879302345
ck_e37cee7b123692af,0.01577001116215991
ck_d68d42858a55adff,0.012872196770309385
ck_3abfc010091d679d,0.011483920349818062
ck_cee4e4e1b62bf82f,0.013926247909561896
ck_9ccb17c35e636c5e,0.0029204836499091428
ck_f72a5a3b0d6c1177,0.001977697368194862
ck_7508aa554fae6afb,0.09920970326692177
ck_003aa842b7ca1d77,0.25449241478963114
ck_83b2b192f41ee2bc,0.14965043286973306
ck_64796b6b2c3c7f06,0.007447716315072929
ck_6438ae81d43cb196,0.009126095571465896
ck_2bd73d9098504760,0.03262855638404742
ck_aa8b9b36a099e4c8,0.007562752772704598
ck_e5ece47d0dd10526,0.07180954870199714
ck_16077ac345472e6a,0.003798896851144319
ck_a4d6e152b0076964,0.0058301079528762295
ck_d90b1d03ae151f62,0.01383761655972667
ck_18b36d342b530af4,0.009422909869704472
ck_2a01e610348b84f8,0.022366987557503475
ck_0a93ed76bf36c8b6,0.009479554542334899
ck_3d56b477fe2370b6,0.04875340666845381
ck_17ab3068fa303682,0.0022453516591512553
ck_592a3520d841d11b,0.017472902246047466
ck_84d07028b5fca2f6,0.13017584975717472
ck_f4a2bb10afa85743,0.01475979379890302
ck_4fe4b072f03f2c1e,0.004235705669867285
ck_9ad08fcc183ea1e7,0.0027794829341708594
ck_130d3848b9dcdb05,0.00802396779955082
ck_bb399ed6bf28c230,0.01080727353472434
ck_a31a64a39a2c4941,0.005023319236901989
ck_c49f25dfb39909cf,0.009293007485384091
ck_55f50a9ae2db8ff7,0.0050143155741197
ck_09faa4e771cf876b,0.003200685404947007
ck_df520a7a6e405889,0.09451585547871197
ck_8c8c98cc694ac900,0.0429927903628735
ck_7f0c4f609673ef62,0.017015065432697485
ck_f51fe59cd445d2cb,0.007901892374859991
ck_b3fb83f0d772a831,0.007070209834655816
ck_d6e7e257751c299b,0.003838054752750418
ck_0d362ddb4a1cb6d4,0.006460684728110097
ck_a574a08edaf81781,0.004841585379919691
ck_a823f5bcb0e4b9df,0.0027102716883614783
ck_f792586ad0381eac,0.016901176247733792
ck_54bfd70022c66983,0.010037626058325096
ck_fe0a9372c9372de9,0.0032588364989617202
ck_5691cd6fdb6d8147,0.011223193660624752
ck_a95f212a02433d23,0.008769147793742816
ck_f5adad75e1c06731,0.10271395206219987
ck_e09c97520eb0533c,0.007810195921271179
ck_a1e13c0d58560340,0.0023612584029644693
ck_cacc2ca410cbe80b,0.024303777187736374
ck_c0dde2a6ef1e08c5,0.0039132780847596985
ck_a04403073c90ce38,0.004088000773494923
ck_03d3026107175dae,0.014058931688508589
ck_50176dae5b1b716d,0.007833454560038353
ck_6c084bfcb38e96c3,0.015372286619890426
ck_36d2be9012f7909e,0.016341732687409943
ck_958acf84c6137a22,0.01071211855096859
ck_114722e12db90a73,0.004231910244866485
ck_203c2a22c0c165ac,0.005529791936707017
ck_2c44ca550e5cfa82,0.01430205075948392
ck_df0a8f20ab8f14f4,0.018268538878573555
ck_826a27ff7555192e,0.018019558230078912
ck_09a988ebcf062297,0.021338547211473956
ck_5c82444b3b9160ae,0.00632173864460181
ck_f6a4a7ed27fe76fc,0.13258053321073032
ck_17de46314b5c6a92,0.010147040836115959
ck_335e63101b1e6c4c,0.034117297798604826
ck_c5eefc0697451de9,0.013650948440159258
ck_49a0efb5d4067b6f,0.11831279769884868
ck_c1f4509c8f5dac5c,0.004683896389600787
ck_57658eda1c59bc52,0.004898107882451727
ck_0d5c0736ec76385a,0.0016616817613961444
ck_e0239e6ae30795a7,0.04828636649472261
ck_e4459115cd8e5e4f,0.014377141450628433
ck_bb4aec09d4968dda,0.08419707885282554
ck_a1b4c96faed3e0db,0.037488258873910725
ck_8247b79ac67aae7d,0.01716314334148352
ck_fe2fc7d6e5d83f09,0.0207863609361855
ck_f6aea576cde8d592,0.0021816292837538564
ck_b7e7f7d0cd886412,0.026696851389231106
ck_ca7b993e8286af7f,0.5110419004660527
ck_47de038381a9cd65,0.011144301617655023
ck_d38f941d09eec820,0.018857267276596104
ck_d9ba2a6c0d926b4d,0.0021251949968089387
ck_cda72f597330d0f3,0.0036654531699037486
ck_16d2d27fadeeacf7,0.007194702186621066
ck_be05447853d423a9,0.0025221000179882504
ck_cd92852d7376a4a8,0.0023102368159069247
ck_2faf7ecccc9fec58,0.0023011122712746045
ck_db8733fd92f20cd7,0.004900298087385303
ck_a9989a3a94c26634,0.014534642463728348
ck_957fb25437c75e41,0.020980606953676498
ck_e6a6caf6e7de17c2,0.004376748145167573
ck_f7bc569b37e8bdda,0.012802027897103597
ck_703b375dd86a6124,0.011091908341932874
ck_d3cfb3603f2c6ca3,0.023423716962600625
ck_07cb2b6f2a4303e1,0.014042310961686658
ck_31631e2028d4f855,0.00793413649345005
ck_1631bab0ba1256db,0.015003743783562834
ck_5fdafeaec036f016,0.014671578680154129
ck_6eda4c36aecad602,0.0031188775691510977
ck_bd1bf9e3e29de281,0.026705344342785563
ck_bf378ea558a4125f,0.8102386869490414
ck_7aa2deeda0e57412,0.915990499775751
ck_d229cf7f5a3f38ca,0.01574887105028524
ck_9e109edd124492a5,0.002350312632224165
ck_779491819995625d,0.6556806543075673
ck_b89c6fa2ad0a12f5,0.014734780477868198
ck_1d01b4a609918c4e,0.5630169187228096
ck_714c5d7cb17bc9f2,0.0074243184103127
ck_269f1746f2609ed4,0.00790980420829105
ck_4be03a2aa62b93c7,0.0023987231232147077
ck_cf920313f6dd28fa,0.019269600455558217
ck_fb00aae4e17740c5,0.0032314245746111548
ck_085d8c42739e2b10,0.984568853117519
ck_c72a7d0d03cf3e17,0.09154433046959498
ck_8f6ca5d3b17eac6e,0.0022838188529962907
ck_d9573100bbff4014,0.12589823239661735
ck_79d6793d1d0cf43c,0.00191291942491029
ck_91fa5032f7aff0f1,0.04399462277778569
ck_87110d84872c0fed,0.02340122706731238
ck_8220da627e9992a5,0.002800178726736261
ck_2ae44938847f3852,0.012269239871091252
ck_b0f191e44f9b6f35,0.016874234621143524
ck_3049d744b527f4d0,0.006930765126039585
ck_47d3e8d1dd3fbcef,0.02796692751094749
ck_ddf787359d2b5deb,0.0017758308493154712
ck_b27a9e39726b26d9,0.003064575948505837
ck_80c4e9274cf976b6,0.9835960581746163
ck_c6afa913168ce8fa,0.003768217923566522
ck_52427b3f8478db19,0.01966430803695184
ck_3b810f15ca0eaa55,0.005807353872823872
ck_0c9e420f97baaa06,0.8769278204921201
ck_f8540cf3a8b2f8c9,0.027973170865680564
ck_1402d24dd623df72,0.006636042189580325
ck_eb4f4267e24d042c,0.004815597774504693
ck_6f661b428d6fb8e4,0.07385311958554011
ck_519a26ecf3d29c90,0.002634195508819797
ck_e886ba71d4a6fd73,0.019678228314198097
ck_437f9ecd2016a1a8,0.0034380894832314384
ck_f01af1b0c977cc06,0.005771733947231918
ck_614f777c2eb5d537,0.003152283198447138
ck_b804e784cde9af8b,0.009593028611152955
ck_c2dccbc1b24b137b,0.30821433804596887
ck_1df4a1781a0f6999,0.010750656553569975
ck_bd2cdd53fca26171,0.025468644300866827
ck_424c254249a109f0,0.011252838205258202
ck_cf2ca4f286e289ba,0.01924569978748362
ck_6c33cb15b0d8af54,0.005741824889910878
ck_311d395fa9b8550a,0.008905635479594599
ck_9f792e7e721ff7f1,0.002591102652047095
ck_4c37586080edb7fd,0.002459657194874486
ck_7c4f42c5397113b0,0.005797010733085581
ck_fc418f53ce4aa579,0.9332535153455966
ck_1ba28fb7ef726ce2,0.00611685856431147
ck_d932f98bf6b83956,0.02909352990974711
ck_248b3659a9239240,0.007392035935086942
ck_6a92cf5f4cf5de38,0.011921205945475997
ck_65519d0fb137e0c5,0.0038921161902600544
ck_ddc3fc99eaba2064,0.05263036404082296
ck_7310cda3bc65a73f,0.006363802886418026
ck_c01c85bd631d4054,0.005487022744325965
ck_b4954d16b9749829,0.003623855507806179
ck_f301f6758e170d66,0.0173172947588053
ck_9bf95f8c47e7c7b4,0.005939796622447987
ck_c91b7fccf6aeb4a5,0.027517424312872817
ck_785fa45e86bc5e95,0.007553447200276155
ck_2a65f1cc23f1180e,0.0024677526468483207
ck_a49a2c1f881a3560,0.0027586956457556064
ck_def344d68f06d749,0.01528168161936152
ck_abbd1465fc730d78,0.0031021700157619824
ck_07a5610ed28162fb,0.007734944468921823
ck_7ecdee2d7127be8b,0.004124508115739799
ck_67858bc00e81490d,0.001965434379698605
ck_b4ad165ace910222,0.006700444604472449
ck_30753ffe481a1b8c,0.14554272630834145
ck_c401a26725b17177,0.003112079165725846
ck_819988d8a7f26415,0.004713792244867273
ck_3364a1d9261b3638,0.0056450504705313495
ck_c484c5bda389bf20,0.002095530906127175
ck_ae416325fef92c9d,0.9250670593855593
ck_5517b9a865960542,0.007346663757836905
ck_a0e96fed380440b2,0.007075450499040263
ck_e83409471d2b0b44,0.027077773939647738
ck_127273af97d7827d,0.010177043786198872
ck_aaa9861c91bd14dd,0.017566945868594627
ck_a378c58294001a36,0.8239298406619421
ck_abb9d65ff1f95b64,0.02866519354399632
ck_a5ecbefa849ae569,0.011797803129676815
ck_aa9953c0ca2bed7b,0.002058800345083641
ck_40bc6de252865f32,0.004462818503315972
ck_9fb11688dcfe1513,0.008789272405705996
ck_ba68841ca2ba073d,0.020786277566992795
ck_1d3e561a7d20be0a,0.9786746720780869
ck_99a92d710a29c1d0,0.005759897239460117
ck_ede2e887697ffac0,0.0018587772054587492
ck_e6de67c0d82a7b83,0.01863001206218132
ck_6b38763bf5ddbcef,0.013372773353289003
ck_8dd44eead7d765a5,0.011299659861672523
ck_30bf5b0056eea9e9,0.5875998995163194
ck_2981d16f8a51a8ed,0.019421722202434162
ck_fc60f42c68c7024f,0.026319221400963756
ck_8e2b2251ee224aa4,0.007760649353200223
ck_1906f0dfaf6e9bad,0.6664786034320257
ck_dcbe6814fc4ca0b4,0.0173271038123176
ck_f7e958a286ae3b57,0.0021631757010770612
ck_713649668a7ca824,0.010517303279756435
ck_6f73cdbf9305e2ea,0.00933804999298879
ck_dd1c490050cd9051,0.018095901161963062
ck_e30db36e376606f7,0.03339530364543421
ck_740d8fe8028b5a2e,0.0028036790555420405
ck_ebbc9418cd41f692,0.0024717618257895637
ck_7b3cc6cc3f250f39,0.013254720887555119
ck_1d30eef7110809e5,0.15768118771016273
ck_77e0589ab339ca66,0.0031766118445661845
ck_15ccbf8ff7d14086,0.00575095315087778
ck_246989b0c288664f,0.025103051732158405
ck_fc2a6e27b10b10e9,0.0025757975148800517
ck_8afc1112c12f5402,0.006083001055848906
ck_a76e8d83b9141364,0.019764499734321164
ck_51d3e8dd7465c015,0.004962128802336399
ck_e7b4016909405981,0.002924199555883285
ck_e7a3cfb9bf908e80,0.015290797516250574
ck_2bb49dc2388cdc1e,0.002229050905871802
ck_94f4266ee7871345,0.01128388860754534
ck_b2c896beec146477,0.01715257483625235
ck_fcf5d4a4748cdd53,0.004753830219248167
ck_fd0483639811f62e,0.04055780948918798
ck_9a21d183524734aa,0.04943568058225447
ck_1df4b46c0a4c317d,0.016741379759328948
ck_638df9e8a22dfe0b,0.005864919907054868
ck_65acc43a6dc3e65d,0.0031588955771795968
ck_7c67b73196e3d0d9,0.004135893286690844
ck_b0ee3a98175b462d,0.0018744077164280029
ck_20fad010969f1abf,0.0019293330562507108
ck_54b087bd873af8b8,0.007378622014407116
ck_8007824431fa803b,0.003031592988560949
ck_23aab322810b9fec,0.010463164474853796
ck_c8001bdb9aafc8a6,0.008182796095802266
ck_3a34c3ac83cf84b3,0.0030797083059585628
ck_60187ac2c473a662,0.981412538536936
ck_6a0ccd7357979f0f,0.03998160865898789
ck_27f20337bef5ffe0,0.013068392492062838
ck_f9fc468915afe49c,0.02847509575746552
ck_1eabc15a94bd9009,0.009322157939504399
ck_26896c494b2768ef,0.0100261333142956
ck_348c874eaf0354f4,0.008452082295293826
ck_be9c46acd216b45d,0.011178049523502636
ck_a3cce46d15cc20a2,0.02037216004692892
ck_70804f60d9704128,0.0777626673413548
ck_a019151ca8e7527a,0.019868870331252005
ck_571133b2aa8ead51,0.011299780003980407
ck_0afa4449f20d5196,0.0026428176207900877
ck_4d503c41cf4e5034,0.007775339706890314
ck_d6fb9cc5171e3e9b,0.7638873950253303
ck_05ed92a7c3e10e5d,0.016668439222023455
ck_bfb067986660afe3,0.012309196696529367
ck_c1a31690c8573226,0.007272677684842345
ck_cb88ef3dc1f42225,0.0030705467522178123
ck_21e3b3bd998745e5,0.06269647145676069
ck_cf52e46fa54e4540,0.0020107459051587747
ck_b72c7ac4208052ab,0.029760850469178222
ck_e6465c56b337e6c2,0.02805528426213839
ck_5f87eb05d18186c0,0.009846839164906819
ck_263f6c5ff26b5e98,0.002614173516196987
ck_e0b7e2c0bbe228d9,0.0027099546510484015
ck_b657ae3c146cb7bd,0.008246241077128158
ck_abac514d8167ea58,0.018480437920432573
ck_024dcab126876002,0.007989057990119027
ck_5d8481e2b38bd99d,0.013045684201881754
ck_edf229c17d25dac1,0.06335455698384146
ck_6cb7c97b72d6b5d3,0.009758397864633303
ck_c96ae2c28086a059,0.05301799897368813
ck_2f241b97c0f8389e,0.01027595284928932
ck_9158bdbb63ee8987,0.02416341338700235
ck_e7b40b60786c1530,0.004764802015525375
ck_66d38518f68e6194,0.0018818220859476236
ck_8c9b57ad2a991416,0.004144069232434604
ck_cc91bd7152d3e9ba,0.014239886648715316
ck_0d846660c7957a88,0.00396723421994176
ck_60896cdac2212bea,0.03514007698321085
ck_dc4db8b932df49de,0.0368992786189264
ck_2dc31db181150e20,0.007679282023078991
ck_2f138fce1171e277,0.004382903938991611
ck_68b8b859a6ef505b,0.02163271729589768
ck_c3fe0c6c5e1f40f6,0.0037876092406729416
ck_15886fe84866de92,0.013938023192596776
ck_ea269b35406473e8,0.0032569977371183084
ck_3ce7cad1f69b71d6,0.027568300173653436
ck_054ed4288ee58d6e,0.012451220978552611
ck_3d4913a86f207fee,0.05047469203649206
ck_23ff85f9d2355e8d,0.01699613574506042
ck_d87ab3261322216a,0.0037202888803592182
ck_fac046ce336fe39d,0.0037741547178195894
ck_beb97e498e6cf8e8,0.0188674208855447
ck_1f517e0ebf397b51,0.0043052780588028255
ck_0af57ebaa45877a1,0.006324172125784809
ck_f99bc1732ce5e999,0.016802255034582568
ck_abb056a9deab275a,0.030134757523176042
ck_0bfc394c5faa65cb,0.01581847277682432
ck_ddc865af1dd5670e,0.03623977013911224
ck_68b5542459638b56,0.1685658695203181
ck_0b1d84252c0b46c2,0.009862593669607001
ck_520ec32c4f253604,0.018851249456875163
ck_79ffcfee599d77c7,0.029079926534663486
ck_eb224c0fd146253f,0.01957021432185123
ck_0e477084434da450,0.013590376346806049
ck_07840bba5570785b,0.02746875780945889
ck_6b67fe8e310ab865,0.01604137451922296
ck_e2a1068c2fa22525,0.01692111136949248
ck_b9c6b32f6bd92a3c,0.003821657597180057
ck_c1e7d1021ae58f00,0.0019056602795018214
ck_5d7801201749ffde,0.018168497156149467
ck_c8806749e263f70b,0.0020187398559473
ck_c9eeab826781dc91,0.013677016067049122
ck_309a432c160a17b3,0.006682545612505618
ck_b22e3337b8e3dbb2,0.00769606605954862
ck_79c30169c71b8033,0.7105794712839396
ck_5a6593d954085775,0.004769475128807782
ck_70b9b79ea1aacba8,0.013034124892313722
ck_63743141ffa11f45,0.011701820127699221
ck_dfd3dbd0d97a642b,0.010176722289894856
ck_635646a661f05b4a,0.036795336761644135
ck_4b123d6931b6d0d7,0.7605301747875143
ck_f2b0e7a47f442557,0.8702247689672189
ck_1b1df006b81d38ba,0.007646992140132145
ck_360237c1bd30f4bd,0.006027443147391374
ck_5e84bca0e362da20,0.010055437978730162
ck_142dba210ed2f3b5,0.021401790430658523
ck_a3564236069e3524,0.08004091281107377
ck_cf36d8b070ded782,0.00892452800289318
ck_ddd6625c5eddad70,0.0024722106460208773
ck_ad54292a0b2f44ef,0.013941401665113099
ck_45cd5ef6b359e9b4,0.0042489928625986054
ck_982c2392238b7be3,0.26347723029233283
ck_083e4ac78685c3bb,0.00996519641575774
ck_729cc0b46cc2e546,0.08454671151579615
ck_f2b8995fe5402759,0.0046991989195073105
ck_73e24f5a8da289b3,0.023277347312493625
ck_bd85f30c36f5998d,0.04191617049626267
ck_ee4ff3aeadf912c1,0.0022836685307969585
ck_63d2978706e193d2,0.01304650218276705
ck_6a0684436a1e66c3,0.25784650991189356
ck_182dc4a2f5a366da,0.0019313530694648642
ck_e6fecb82fc2a82de,0.011500715918687957
ck_cfb06f07394dfe64,0.0016169223180489416
ck_7bbe1dc8add17ef0,0.012140673064198746
ck_5cacad76e02c8e3d,0.9122814716066786
ck_ca68dec0c7df5a12,0.004085517811052268
ck_e4c0fc52c82065d3,0.005860812496907889
ck_f9197b070416f443,0.006040584812908698
ck_2a07c7021b71cf65,0.013946741101903979
ck_4fa85cebf707de2c,0.0020176272805650032
ck_0063d2a9507467e5,0.007009407779348708
ck_ec986285fff05b7d,0.002092530616284279
ck_279d43303708109b,0.01107169139952978
ck_a406bf11e48cf8c5,0.03073600422647694
ck_064b2aa3f0bfdb6e,0.006363182295119019
ck_95790440bc4bd2d0,0.02799017492822257
ck_70066eea13b4c34f,0.010360826540923412
ck_19468fe07e26f992,0.9564550244023511
ck_86bfe328e0a533b9,0.9398069106374335
ck_ace3b96c977a7560,0.08501524982361991
ck_642344e5c652d8df,0.008352613504124775
ck_074be35c951ae10a,0.02850591356827568
ck_f14dce41036486a3,0.9823847525190216
ck_5cf67a3a747e684d,0.0332211792033724
ck_f7285b92648c1c81,0.0036658670210767156
ck_bef3193f124fca5c,0.05974551525004322
ck_05c4dcbb45de1f8d,0.002873783062142895
ck_d7c28eaa05bb7144,0.008707511821689579
ck_320df984791a1b99,0.0029318173625684533
ck_f45bad1606fa00a7,0.00865397319176162
ck_6f81c199e986d9fc,0.016690125515404133
ck_d0c9633fed57c344,0.02554107688975244
ck_a3c25d6cc7478068,0.006244751499789156
ck_4185506d12cf9fa0,0.0020757342231064024
ck_7a02ee1bfba7353b,0.020080923596959073
ck_1b52590757c0fbeb,0.024919414455444468
ck_a0e5656e1cf9cbf5,0.004790700819569482
ck_ace21f6daef94f6e,0.00601850644967551
ck_646d8d0834782d6a,0.14229740633646176
ck_1f136a4476b5e775,0.026455174335506433
ck_325c7643cce02da3,0.0431123373290304
ck_9b5e7fe28208f5d1,0.005846132785329128
ck_05d81b1a150f31c5,0.002794628874425726
ck_0e9ec486bff403c5,0.011398347874361439
ck_ee13c091bc379188,0.010291310418872508
ck_f7a7f8f5903617c5,0.007353435836221044
ck_96c3a3517153390e,0.009183630956305448
ck_538dad7f096458ad,0.01356785522348869
ck_8758fc6622bbb7df,0.024955460484920186
ck_f7e53af3c91fec64,0.03130358129702987
ck_80b50fad7f255e1d,0.0021189673736107494
ck_9645e7adc08631b5,0.018779320447382168
ck_e007aedbf37d6ec7,0.00786391712875853
ck_2951d76c41de2569,0.044345927466618265
ck_9439bff87e616d4a,0.004993149798491261
ck_a73045e96af0e4fe,0.0074977885838759415
ck_7b382e533e2e925a,0.013940438523296145
ck_730226c2d216cacc,0.004709058861512876
ck_bdf837d761a7cec2,0.3735989198748281
ck_0b34197335ba3341,0.010787832643288038
ck_49170c4b31a20f5c,0.0018915208381099034
ck_cd553ba6589d8bfd,0.01876606834597965
ck_56b992c6f136fa5e,0.019832483392561655
ck_8beae3d7328fa41a,0.02121252645270599
ck_1a065ea906ae3d6a,0.0025086099095626064
ck_e9e3381d5e0e5051,0.0026425145520825623
ck_a6d4f998dadc90c2,0.736415400679116
ck_d36733da917115a6,0.05377423953042437
ck_e738e920bbd74a7d,0.009003212479287264
ck_af65eb885a51048d,0.0024658170022238287
ck_73f4eb09af29b1c0,0.01867007707104255
ck_8fc641b1750a2542,0.2027047866779569
ck_41b954c7a948c060,0.0033992213060104895
ck_25fc3010e8a0f6d7,0.0028039853608444265
ck_a2624e0387974e0e,0.02888823122724953
ck_5cb9d7b2329d5ab6,0.012010377423992625
ck_6c83aa1d100a7cd8,0.034985699280301305
ck_67025c64588abd1e,0.0034211712331679244
ck_f5dde68f6f0468e1,0.0018779117403905522
ck_46bfb2cfc29a6d2e,0.006348210612287517
ck_49dddb894d33f6db,0.020109741212856594
ck_f738b633b8862d18,0.0018821242463456158
ck_3d6c3c00d854f5a4,0.03796496272555698
ck_cdb8061d8d1a6c5f,0.0032556527517068968
ck_5e1b81848718bdc3,0.007931781993534465
ck_8def763034187436,0.011089476582687306
ck_8f8e4fb9c6190272,0.010723383992775498
ck_368b968b5f33431e,0.0023955840443219047
ck_ba7e347251ea399b,0.015440000393728412
ck_9075432001a64e75,0.009292826016833133
ck_73c5371635aca173,0.6555486579047628
ck_81793387b38047cc,0.008241941692888936
ck_0cf220816e320ac5,0.005838391981665447
ck_820219bb9c761b52,0.40142229309801997
ck_70a932ab39d86a24,0.0020742091607591044
ck_2c4be237a7ed79c7,0.0025248369746737054
ck_acc764b49ef02826,0.1037031086745284
ck_74c3c3452e4e7cce,0.002248137406049136
ck_34dfb57e5bf31d2f,0.013372667930968588
ck_6ec39903f765956d,0.010879137204869865
ck_5986119e7d81e831,0.017809316103738176
ck_2ddfc948b8eac752,0.14072003416135842
ck_921ff5ceaf40a968,0.019701758169694505
ck_fb3b68b4424b5f92,0.04421159545307239
ck_c3db1b3ad4f16679,0.009820644668968075
ck_124a197be41687f5,0.01282974529692806
ck_c58d9151834f5bad,0.01830181002334688
ck_389607982eb6b701,0.8985662890670574
ck_fb0c138c003e933a,0.001977940288364215
ck_50d0bb7edd8c69c0,0.04585563768389857
ck_c6cb651149dc9a8a,0.0028789344970942326
ck_81e21354e477eceb,0.008393240501878185
ck_7696e38b3e4197b0,0.009513367316021435
ck_586001d3ed9e7fbc,0.001932372796867855
ck_bba413492dc46f2a,0.014613968270439029
ck_95b894380ad2702a,0.446507886673845
ck_277621473369614f,0.983715458374132
ck_a50621b5eeca84b4,0.003836173165981853
ck_bfa7ba218b988cde,0.027368582138060687
ck_5ea89567dfe78e4b,0.009222438580848393
ck_6c679602a6476ab2,0.002847020072885947
ck_d3885e286b3b11d2,0.02476694407113898
ck_cdcf6671b37c9c92,0.014572643876292677
ck_b5c93e6d34f8d366,0.0021823044492773206
ck_c24f61925dc158d5,0.056566988382299024
ck_cd09375e6c81d2c4,0.013279495617313234
ck_a95afc7a00303a26,0.005881190771630684
ck_8e89ca8b39f3f8ad,0.0033142541987661693
ck_9a84b396aada3fa8,0.04533357918840264
ck_5124a2e415384945,0.017349555287074766
ck_d66bb1f063357f99,0.0026767332070755743
ck_0fd9312411b0ac55,0.010838483339788286
ck_ad8cbe6e27e47ede,0.013975853458098556
ck_8398adeaf41f9cae,0.016431005270276338
ck_dcf851e7bb5855d0,0.0054877196738729265
ck_9affb0f26776b642,0.0030659824816852725
ck_f0424b3b36bdbef0,0.03765430747824781
ck_66746d1090d6d9e9,0.0028498081843973113
ck_e5f8c8a5824db594,0.016385066533541194
ck_3e91dcc209431984,0.051566763285283736
ck_126a82e8d42e5ce6,0.003046590771031369
ck_38e4a74ab256e2eb,0.009559519202761983
ck_1225a97fc413a419,0.049372980240957307
ck_9b5ec0f78e160e65,0.0021553242130298023
ck_7c5529bcc079600b,0.007863253261865788
ck_29640fc2fe81c251,0.4191570299526135
ck_160e9ba0a3f7c1fd,0.002628634661527217
ck_bff090cb4ab76b9f,0.0036580256889852856
ck_aa06ed358e43db69,0.06879518701318675
ck_7264486eb512d84a,0.0035559729470354697
ck_f5a32e6160b28379,0.0031167090314651027
ck_4ba8bec14c2217e1,0.006650929998335513
ck_610815786d729d2f,0.0045739748462168784
ck_e267999226b6321b,0.001973226759187448
ck_f3996a3c8eea1ea0,0.007897224859246061
ck_e9b75ed7567a3f23,0.025300735181005403
ck_d21612d48bb4f7b8,0.02842248095325852
ck_1f871df76c6a995b,0.11162669296831651
ck_953bd5de48ccd70f,0.8348929540830937
ck_02a9104419a6dbaf,0.005408159978454543
ck_1eeeee651e05d535,0.0339673842131499
ck_e2ab04136a442a98,0.004129055768427211
ck_f0d806624ef3d359,0.006648953349973799
ck_4b68b38c1b3326a3,0.004098756614349355
ck_74e60495f8861156,0.013131440467202516
ck_398f3f4cf05c721b,0.0030304358932357546
ck_f761b7650a0c1a85,0.005122619826319898
ck_7dadef33f5e2d94f,0.933438797632206
ck_6ff6883633b8c7ba,0.001983996306109592
ck_4d2159603045109e,0.011038462299506885
ck_a38bd07a5fac5c9a,0.0036258412110815033
ck_f517f06551e69507,0.0035268480498672943
ck_a7ea00a1760ad561,0.9642985266252344
ck_31fc51d5a3dfe16a,0.01086315354758648
ck_bac5233623b25ca4,0.00590012812340109
ck_385188ab27784fe3,0.05662332203982758
ck_9947a323bab5cacd,0.030432313520185623
ck_7973edc9f22ee7b6,0.009020739542442353
ck_f97c477986043755,0.0021354143476942783
ck_1a3fd2cc4b4de196,0.016920659536040033
ck_e18ac29ea62cb435,0.019089514167481548
ck_9720a472a3e0140c,0.004684546179588122
ck_668c7fc7d7e47c0e,0.03301905256070622
ck_214af0806470ef48,0.007652257486908361
ck_a46c1773f01f0be7,0.05320984713286743
ck_f2bdcfb4203ffdee,0.01256874249275786
ck_40e84e6ffe788a4c,0.007344257183227286
ck_dfc6f5712d8d6678,0.07644712395627967
ck_01ef1036b2e66a4b,0.003712222535415804
ck_3acfec10eec32f9c,0.007036028513582182
ck_084a85145c15ed77,0.006568556699312644
ck_fcdb4fe2f095fba1,0.03672975959445453
ck_023908db0a193076,0.04945196125221345
ck_fec0ff92fd622253,0.00807582999828944
ck_c009c97d5fafbced,0.07069820388889077
ck_eb9f0c06ee017ee5,0.011532326734486283
ck_d7792b429620fc24,0.004738371475296555
ck_5e9e149a3b69c726,0.024711381523638613
ck_ce927322ef8f651c,0.005879212435076532
ck_b8fd61a8e82bce32,0.8821948214053832
ck_9aafc33fba1474cb,0.0060957948147884545
ck_ce81ff9b8b35562f,0.006196627909681945
ck_25bfca1d8eaa152d,0.01772112352895213
ck_170c65860e2a7e23,0.002905380053290563
ck_952da7ca9f33decb,0.004579903408867826
ck_1ebd574406235957,0.016881210514756835
ck_589109a188adc2c1,0.004670045944934447
ck_f0cbd5383bb07778,0.03497740551859309
ck_242521e261148fba,0.005141627759443644
ck_509cece86a558de4,0.0024286686612403205
ck_0dd7c5925d28755c,0.004105952316130719
ck_a7e669cf1c3985aa,0.01092724867306376
ck_acb84dc2351eeb76,0.0020538147102407618
ck_b837c7dac2a9b931,0.015701778651556992
ck_18eb1f9181f95df4,0.004146419127869163
ck_b0b9047dddb1ec84,0.8596316196938748
ck_43aa136bdb0a2832,0.6091529969793719
ck_3e47f8c56c811700,0.004785415068339544
ck_77c587d24695ea15,0.018234102522462523
ck_20578ac693ea4e93,0.05777403030567855
ck_b9f6040eebd1605f,0.016920588844856248
ck_ca9d86f65cfdf018,0.0038201489525129797
ck_a4fa8833995c716a,0.0031559584627886455
ck_f589f1e29301b5fd,0.30991395068180194
ck_961ddb8ff55d868e,0.004504467291408951
ck_5662492a54e6688b,0.010667013056969384
ck_ad48826c1c26eb78,0.896762550995353
ck_621c9ddde6bf2eca,0.01213754179906094
ck_417a3500b2c717b3,0.02098766525255752
ck_c7e129058beb3ac1,0.011838506142150035
ck_ec1c902b9b9b9c5f,0.0332702303017973
ck_317360ec0a67d27e,0.1646965345416779
ck_3e3ea5d8c4a229dc,0.10085016797007103
ck_d11d27de7bf0b973,0.6075211098424044
ck_d37d56e931105db0,0.003712471426898211
ck_4863077723cd6ce1,0.0022922920519751477
ck_479a065d5903e9c3,0.00291539842279965
ck_e66ae4fd586fedea,0.0026862598502798147
ck_192bbfd0d5720134,0.004882831610962112
ck_3b436cb29af99f3d,0.010817631118759627
ck_7c7ca54969eed187,0.02924806652086191
ck_826ee896c9f1144d,0.8130508711658374
ck_ba1f6dd43fc8a0b1,0.006202002031356809
ck_49685deb63e4e8f8,0.00994608340751319
ck_687ab5d5554bfa79,0.03451371615618171
ck_41346ccd9242cc8f,0.004815858084772413
ck_8f8e5e2b9dfec3d1,0.14664577710808555
ck_94d5ce61a0c50465,0.013318144387889877
ck_6b954c75aad8c012,0.03511806634623628
ck_748af92828c9d288,0.003302740755771675
ck_dddd14091ce812c2,0.006961756697613179
ck_723323f6870fab59,0.008627816350997165
ck_dbdf8d0708cc6718,0.015468880285760165
ck_f04938570a154de3,0.005967041459508088
ck_58afa1550b3b5294,0.01061786563585561
ck_3b150afde386ecff,0.026113393328704586
ck_666b95e75d99ec4e,0.8842242592307837
ck_e00332597cf1eb24,0.009041308675042556
ck_9a9e3dac79280d7f,0.07944020406851414
ck_e8d37262e859d9a1,0.011467576031430303
ck_895bb39d24bc1c4c,0.007841857862911913
ck_b367449195e36499,0.006635671226070436
ck_d23f9a50d1135ce1,0.04494580298658288
ck_670dc4910cf476c2,0.0016540503185379495
ck_3ecd8a5ce65e21ca,0.006389485952846392
ck_8584fea2df4c6317,0.032701819997709644
ck_0789ff4562202b20,0.016215019997250245
ck_749e0e50c3907be8,0.0031216129533650906
ck_c3ff6790cc6d7e34,0.007043885694128282
ck_75fb7e56432ee4b2,0.007519571045446785
ck_529fc3170fd11abd,0.024312911356575703
ck_34a69b3b4a681796,0.07450635530561883
ck_255f0e5888ae9e23,0.01728619277568865
ck_65be698386474170,0.002023488449326874
ck_5eec9ed855c26000,0.0031265503925979135
ck_5ab39bdc9610f6f3,0.6519692266112908
ck_1b5b75762f033462,0.007527917717616688
ck_d3e208671cf37f91,0.927222188892314
ck_5068ee554ceff971,0.029938957177830704
ck_d7d50fb57fcb2d0e,0.0037313810459852033
ck_ba6e1115fceaa067,0.010086860505219683
ck_d07bfb16a4a7dac0,0.7992213503824617
ck_ead68310311690c8,0.8424069506923983
ck_ee53ce862bc9c111,0.010486095975012908
ck_97e56e6037024dff,0.001852059325307329
ck_80b04344c98ec072,0.007277555685030235
ck_5954f45a2ab45f43,0.005902800902212495
ck_18ddf7e836256e3b,0.009876164750693745
ck_89a1a780144d808b,0.009397267774434849
ck_a7331e8b808c39aa,0.05108446944583558
ck_a1fd0ad03ff9b776,0.05176804388271503
ck_c0cf50eef030b401,0.0020556469085937544
ck_074f20921189e7d6,0.011999294934758783
ck_e2aa7be60794593d,0.056473397722105724
ck_72771757dfb7f7a8,0.013061561051623653
ck_a9cd84a6dddfe584,0.01578837373260843
ck_142c00f9f8557504,0.015409418481736669
ck_221b5d40358230f4,0.019194760577649676
ck_a2d7a563f520b7ea,0.010964227064938924
ck_66cd34bc568d95e0,0.022648607561463786
ck_a17128972d3e507d,0.02954217993690874
ck_bda299466bb2136e,0.016111436120102737
ck_2b699066665abe8a,0.03414951149598872
ck_0ac9848bd4ba0c14,0.0020992716380779227
ck_98d2f9a6ba3a3077,0.8569518428289458
ck_a872df31b28a5f7f,0.06624391287167788
ck_7e73e1d44ce82ed9,0.007505108980990378
ck_1a415416f620d49d,0.0021113796475870457
ck_c95c786d2f8b8edc,0.0071706761521674964
ck_e45012f22b7f91d5,0.0033877979349974108
ck_aa0b083e2a6813eb,0.05539784890070314
ck_4666232ddbf77756,0.003725301464785658
ck_e08e9c8ec5f23d8b,0.010908104013626284
ck_31d4c0518e5f52c6,0.005836033040925815
ck_c1ab40638f04cb02,0.011011133031228288
ck_4c1fdd1669c7cf51,0.0019568837341147464
ck_11662cc7940ffc82,0.03734721528459828
ck_2e679af24adedac8,0.0033324888005892206
ck_454b9e21b7f25a4c,0.002223360147942806
ck_355c4f29089731e8,0.8605914871363124
ck_507e40760a24d2d5,0.021521251059638313
ck_0943e0f305078e34,0.9630602004519616
ck_abc54ed7111e9ed1,0.002102700118861413
ck_a60fe02fc04407a9,0.014226339810461083
ck_244b897bb4d57c1f,0.007655899432375389
ck_8c84fcde93a04334,0.46409721278064187
ck_9eea37d2de633b27,0.004631084183511423
ck_b2cb9e6610eca967,0.006800314534050128
ck_09aadb4c41b166f1,0.030498122392982996
ck_8d94fbb4828ef326,0.0033345876732021164
ck_089e3a07abbe3b8f,0.006182731871884771
ck_dfee9de05e3971cf,0.00522859737845067
ck_6abf8302ce052451,0.03228781628800327
ck_6ffa90143838a4a2,0.0022300288285840735
ck_325caeab5c7a9c3a,0.005923361890892683
ck_1964ee9db929a173,0.8491977433187193
ck_942b95988a6245a6,0.07496986240155579
ck_913ecdeeb8e21a9c,0.010976655207328894
ck_ecf9794349eb4b3b,0.023619814448789318
ck_b6cb8d6ae828eed1,0.035637776300318974
ck_2f82ea66c4f53b33,0.04307316747969399
ck_6e676daa4855b58f,0.02665911700804664
ck_2a37fef48b44e9c8,0.01660844096605541
ck_3bd12d468fdc2450,0.004955059788945139
ck_1a28b6a40a6bd3b4,0.04760195934272384
ck_61b79dec96d15713,0.0030676749304234347
ck_31d5e3daced93d3c,0.01333456296019353
ck_e6c8611c0cf233d7,0.0022952467105882813
ck_f04761b4a937ac3b,0.00959528585078851
ck_38c1c75cf055031b,0.01757924235432328
ck_59a561f3df01441a,0.12504122017753885
ck_04e40f556a5062ef,0.007249998868912909
ck_8409716d174635b6,0.0141834381316869
ck_3019afee83342701,0.0184028458088899
ck_b51a58e7f032c9a8,0.026742469714382662
ck_5043e474f848346d,0.016074613050821425
ck_4388abce33ecd01b,0.257817865072982
ck_c93def7392f0aff5,0.015157871884105927
ck_72e7b1acc19df820,0.003606560396689723
ck_f253130dc3ca5b3c,0.0046808634097060585
ck_eb264d1b180d4b4c,0.03509135465530745
ck_c2504f5a113433ee,0.004756070210258022
ck_c16ab1e4dafb4910,0.08418684787089768
ck_4bc42878fa180991,0.019303390139194743
ck_1c771a7c78f6622c,0.027100629796902066
ck_d523f0e50a2747ad,0.003975356326461262
ck_9060f4e7ab7a1b0c,0.00608458197909672
ck_6b55ec4e87a5e22c,0.7188446877897874
ck_55fc62a5f89a7251,0.010284333115523918
ck_bd2545c62f258231,0.01649425582553553
ck_1ccdc69d0bb712b4,0.008212732336652222
ck_710f867a3bd5898c,0.0029023745895218928
ck_f91d48c40337d375,0.006089236327067153
ck_f76d929541ed41dd,0.03450940480656272
ck_e26a6659c237b650,0.024896889807352846
ck_184983177b73dea5,0.010035271294748531
ck_6d0d081bfa8a0022,0.020272600340040976
ck_2f6e64f638da0f97,0.0022387336659689025
ck_15b93103ccd38609,0.007999708353166778
ck_094d10439b7b4eac,0.0027786134858268094
ck_d2ca47180a926ba2,0.00640607711920239
ck_a69ca7b9d70972bb,0.005308224038142668
ck_68914e67343a7d32,0.014964063692909136
ck_8176616132458c0f,0.008204783552756065
ck_eee99af3598311b8,0.0678197511950282
ck_94410eedfca91304,0.034034106152326056
ck_cfb11a0a2325bff5,0.0062541789036614755
ck_75217ee144b715f8,0.06413581002904523
ck_d56fc799542299b8,0.005039600143403109
ck_4c352dd3e7c81269,0.024088267442879414
ck_e23e50e02cb3904d,0.023600891105299247
ck_b921af37d500e139,0.005521558184466372
ck_82181b935360dcbc,0.9533707266936
ck_22a7cf3b99c5e5fd,0.0080175176618851
ck_f67ee7910d532216,0.03258962732817798
ck_5f48762a14a0326f,0.0039036996600384823
ck_1757fcb0e6e3f88e,0.028943749316466337
ck_2c2f080ba185016e,0.011805594874408697
ck_4c25570eb72711b8,0.0023665095296073924
ck_a3be871ca22ac416,0.005624292705628467
ck_ab70961e7c6695b2,0.009099289482382566
ck_a1cdebfc42a52448,0.0019611078940176612
ck_f1b80b821a20186d,0.026003124215304586
ck_ae668e4564cd2aa1,0.0028999076283617122
ck_0e2bc3a5afa439d8,0.04077416831801672
ck_3dc378f37d0b74b8,0.013511105434491
ck_9f9555197480d1cd,0.0038463663916808457
ck_bf4e7d48770a4a8b,0.047993371446501586
ck_614ef655f0685060,0.17351503319408165
ck_04d2ea38ee27770f,0.0021709648143387406
ck_e03a9d8ac94161d5,0.0074718101347421625
ck_d4007b5b26d9d854,0.0018632174516252057
ck_2dd147ce6d61749f,0.014404776791730287
ck_ff45764ea7d6619f,0.01050819938497892
ck_dbc487cb0a6c18da,0.9019003224282912
ck_791d5392bbd80447,0.017000126337494877
ck_b4068439c413b150,0.00718770914181774
ck_85df7b7de9700aba,0.0033068339089377687
ck_001e42551cd06e40,0.005611060623508783
ck_a6c02ae50932cd9d,0.0035818543239489165
ck_9fd0be2c018ff5e4,0.003084010658933643
ck_32a495128395fde5,0.006382087720664469
ck_b6f2a2fd232c141b,0.003062985903138947
ck_28dde633692904b0,0.0813953699681811
ck_a1a93c5f375f6021,0.0020796929160381205
ck_e3982142336782df,0.011866426309279556
ck_a9812ff3c111ea94,0.01529518134228812
ck_f04062216f95fa00,0.023142291212851086
ck_7c560467daca735f,0.0016677912526903075
ck_76ee10d6e2dba70f,0.014930510241972542
ck_3521243bdac61178,0.009846304121156781
ck_28588fb03b320520,0.061297643796022
ck_580dcec33ec232b8,0.005974933585296216
ck_7109923fd7dab20a,0.008229356591949403
ck_7c872c99481c1e9e,0.007467696290762429
ck_46f4e1f5026f4d1b,0.0016473133858589482
ck_00d1ebc31ec4653c,0.10630237158309763
ck_aac70764dde15168,0.02252676348764766
ck_648c03f9aa4e45f1,0.004860098985046178
ck_5478eb69ef912785,0.17351084642548323
ck_79b8523137bb2603,0.04883442176659455
ck_795c49f312640019,0.0018317224479155788
ck_89184bf7b7fe41cd,0.06760200336774787
ck_97d4bd922996fa10,0.003237637000449562
ck_1cef30d08f3a598d,0.002190403035186169
ck_2f9fd36a4a40a6a8,0.002096863580463005
ck_40780fc0f8d6f309,0.009175379337428872
ck_9083ca9fec2a7f4c,0.007880196442624787
ck_62081bc35aa59931,0.002851672092164269
ck_2e1b46c5fc56b863,0.07638397744845232
ck_3d139692c51b604a,0.03901979925530538
ck_b5e54e22e3d6960a,0.0036312246414689367
ck_c0c4be3f44311b04,0.0052192273896834295
ck_82a8bdd2692c2a5e,0.0028477361959830523
ck_bdd2da300b530c5a,0.006114478575867809
ck_ee40498cd97183d3,0.004725620885018103
ck_70b9274473bd6dfe,0.005041652394874414
ck_473d6314ea614b29,0.005938671829352569
ck_7443d6dca8cd1352,0.004908172808553725
ck_3b49768b448b071e,0.013492592551418084
ck_b43f04431c267dea,0.002787888959194428
ck_4424a5223ba2fe00,0.015488938530568685
ck_819bf3e8231f4081,0.00925977254903468
ck_91d417507a8c58cb,0.13860523346795592
ck_e88e86b19cada4aa,0.017530166225197312
ck_59684167f9c6bf4c,0.07854849600669014
ck_d5f5b0dc97b9dc27,0.0028564233405792543
ck_13d1b192bbff8f32,0.006913426471339523
ck_b21d8630387cabce,0.0026876506564156187
ck_e4ac22046699b99f,0.010302787825379628
ck_74b848064f2ff45d,0.006186379456686599
ck_166aa980cc87fa77,0.018063514049185027
ck_98e337806104dd88,0.0053222165906626805
ck_66eb09be007f0755,0.01460216491760533
ck_3ec9b9d8dd7be11c,0.049941586492749525
ck_8b8b9de339d75d0b,0.019271777976944994
ck_6715139e240007d9,0.004818783690672337
ck_a0255ab46e122d2f,0.0018620964912538572
ck_66e81a4190c33510,0.009132287143452465
ck_5d75ea4f5c9080bc,0.6937458087893031
ck_df69858b8a8b3165,0.0056939508371545286
ck_e15252ebd7553422,0.002324942387956506
ck_34d6d74bb3ed11e5,0.0024016417599604096
ck_c2608f78f6851d10,0.6824311906159886
ck_bb99071e8f58c8a4,0.456764363175674
ck_06010f0df5b7cef8,0.009310392464273742
ck_8c582eb0f6c0148c,0.004953985787654372
ck_0034d010d28aea78,0.015174851322338447
ck_01c1f06692566ca1,0.005425145339559754
ck_4807726e797fb893,0.01259499539205052
ck_edc9668282e3c8cb,0.013359685143703514
ck_5486768475af7bb5,0.8296812640734089
ck_3fb9813849e51837,0.008448317160614147
ck_861af5a9a9a6d619,0.0034120160836246054
ck_da39653add0f1109,0.0020415131449650985
ck_74a4244eb1f162e4,0.0022508560953129722
ck_9a930faade55b8ea,0.0031826221944336363
ck_fb6e06ca88519dcd,0.007499967551939897
ck_9776cd8263a9f415,0.00427759112145848
ck_b3dd1198ac5aea73,0.012680433214643367
ck_b6675a04df1a4276,0.001962400089701864
ck_5c7ad6e731b69333,0.5725834159129868
ck_28dc0fdbaec00580,0.08839202254019107
ck_8e7a32f7e3905f4e,0.015621923406653904
ck_8563fed6674afc77,0.013018795076093164
ck_9a2fcccb82da663e,0.009270461959677328
ck_6a519bdac0d94527,0.002640512364395108
ck_a0dab7aa9c4a39a9,0.003264037777158322
ck_a3ce05e9e5e32142,0.01032410624283308
ck_7a7e40ee3f97c035,0.16993249288212542
ck_9e9a830785112a73,0.03673582689065604
ck_ab1bb02f6b189304,0.7213245939717259
ck_7b8cb0f90fbdc8c6,0.0081971777095735
ck_b138fc249e659e60,0.01197478591713915
ck_e73caa3771ec5e0f,0.002779131757445631
ck_18a55b06ccccd88b,0.02655668633887035
ck_fdcb1d9265d8fec1,0.13462576200801887
ck_e21a900556b382ad,0.014367413278844606
ck_c6bf67470f526771,0.006058141751202894
ck_b568ba3837afb39a,0.0018623491593259879
ck_a2858979dd5645ef,0.004916505651023328
ck_1da9d40837ebaa57,0.016348232493004405
ck_9341c7959543c542,0.0018154340198407765
ck_c8ad86806b9a2369,0.010730962837301992
ck_5c85d93ecfed4b0e,0.004758639586654621
ck_f07b09879d697b82,0.0037375672058961645
ck_fe43da07608b1749,0.00863301360589648
ck_4bca22b5926b9c28,0.005098461053107863
ck_aba573aa942b1d41,0.008020183912884176
ck_57c14e32fa4683bf,0.0025979406472202756
ck_891530b489ce402b,0.004879074321370263
ck_5e74fdadb93ff293,0.021185403602302998
ck_14436a409ebcc90f,0.012982773989055571
ck_00013fdfa0bd37dd,0.008092894853845673
ck_7dbe24ba01316775,0.03660226908471201
ck_0e3f80c1553c591b,0.01706142181015046
ck_3edc45db58760d76,0.0061772535353835905
ck_29076a13f539187a,0.14814965484446452
ck_b1e81b58b9a545ce,0.02419486130421205
ck_3f8571d4f7420b2a,0.028251306934345456
ck_7dff6abe4bd644dd,0.2875314832647041
ck_2884bab237af16b7,0.009176018805820935
ck_231e6dd1fe708000,0.004738949229290527
ck_33ecaa7b892e73df,0.007887538241882654
ck_b109ec4c63503030,0.009406830278366652
ck_a7f522382509cef1,0.0031317142020442583
ck_748b3ea941d8b3b9,0.00471214795383574
ck_29f3a1737a2d9634,0.005118692995627091
ck_cee8d42475a0f020,0.33303723138059743
ck_c6b6ebe145a8ffab,0.0024792346969458113
ck_21c99e1d6b881894,0.00241017568974767
ck_5ad798286384484e,0.02261761015620716
ck_b621b6ffcc7f4848,0.0021043685414403636
ck_ea819e337233475c,0.05722710527504282
ck_9e3896c2668ce06b,0.014454928218907809
ck_501dcf1ead036d2b,0.011754651430323563
ck_8d5eda29a2cffa3c,0.005221556326231943
ck_4d3aa36ff83f1132,0.24023135922656508
ck_8e9faf94e3e6c757,0.0019465342574364179
ck_ce0ec41f96951048,0.01302479305630475
ck_f09165d73ee903b1,0.006836241806990025
ck_a432b1bf1d3b3d5e,0.1492352161047185
ck_ea618f720ff0b4b0,0.003498871483019979
ck_7584e7bd755cb28a,0.009864919833706284
ck_e14681aad43e1a72,0.01765134100278649
ck_5e18870d8e30e379,0.02276650279723496
ck_ff7c26a62bda8089,0.002823413700154689
ck_cc5a35175d381d5a,0.003501881670567557
ck_3c25029e40aa8a84,0.0043560349753192845
ck_771247b5bc16c12a,0.0064817800688511135
ck_664b5e02759f985a,0.00680779861277561
ck_692a9e8f504b9762,0.002015134443670561
ck_df8ad2deb0a4ffed,0.015631245880761
ck_eb48c0bcd12ea654,0.006792169460101767
ck_7c77e597c951cdad,0.007091293185065188
ck_4f75144c6f3b13ad,0.011777466915946708
ck_1bcff399166d7c43,0.007357225673170116
ck_975c2aa3d4a8c51a,0.00594356482151818
ck_bc6f07b06aaa4ce3,0.7665976836594762
ck_80b072b7f3c7e8e5,0.006071950719087875
ck_471e4018a23b4e56,0.009565678820924572
ck_53cddfba570b4a3b,0.048660391771969735
ck_630530e50764f229,0.02630303777903656
ck_dcef7887a4f1e435,0.018563426860178388
ck_2795921a055643f6,0.010155863186301678
ck_7456df89f3792235,0.00267859989612355
ck_5014a3b07e1f049f,0.8883542452871538
ck_d4ec44760cbe03f4,0.011988827964164632
ck_96810ad39d4cb7b0,0.016585016091047667
ck_3222ea25aa29bfa6,0.001877496708244171
ck_f6c42001b84a10cb,0.045720949642688954
ck_5ac86682385c86b8,0.009356396453466679
ck_4280c33af57eb4f4,0.001984999449021068
ck_05f79ddd8eefaa56,0.012171302214928239
ck_3a57a13ce032a6fe,0.0037694148868518086
ck_a721f0d635fad68a,0.005102032371330017
ck_a3f821bdf408c326,0.01737673625246159
ck_0ada63008be5685a,0.013819620794654217
ck_8c949bdc6e8720fa,0.03895416677648128
ck_c0d2c56f9c722e99,0.9647616140229308
ck_5d2b9e6e087b8dfc,0.985878867783191
ck_5217b55593a332ca,0.035660515552399324
ck_7a7bb9be5a7e48ad,0.015496560423148148
ck_24cd0d779e866287,0.00551356494521609
ck_7367917891a63771,0.013363261897971795
ck_4b31a8862a857e6e,0.40786963647469043
ck_81429c4910ca46cd,0.004070787115338816
ck_b35d803568f82d9a,0.017971289117201604
ck_4b00e75c2d2d0522,0.0025238504971861397
ck_77fced07f6dff42b,0.010811863462462396
ck_3c9a06eb07c300e4,0.0021872889876869434
ck_b3867f7f494db64c,0.005958996237905581
ck_0c45e54897ab34e2,0.018016101505981413
ck_507a6a580ab55c76,0.0050789210898701895
ck_291bffc7809f896a,0.010373069792050101
ck_3753cc5b9d02e2fd,0.004908544273151153
ck_4f63d5245b3ac1dd,0.01225850913292139
ck_9dfb2ae78659240a,0.058442048309821915
ck_90f6f5ced708aa75,0.0018253638410960726
ck_8b5b5a6b5539e39b,0.9490848686576037
ck_4719112b55d20161,0.00658174435464653
ck_fec888a7108ca52d,0.9693047477741701
ck_4f5d022c99f118b7,0.01333625202270609
ck_e967ff05514b697b,0.020708902900375168
ck_839ce35819bfa4fc,0.002231756174962649
ck_bdee1221b9addff8,0.00892300089527368
ck_9cde4036d0914427,0.010429176867463854
ck_5ac959cbcc5e98f3,0.003649476415682339
ck_619842688294dabc,0.01211219046667421
ck_7373d7b04c7799bd,0.008653017701981125
ck_c1dd3feb9a0b6471,0.007646611320254626
ck_0324a4812ec319c6,0.040843266877976805
ck_7f3685aa2933b251,0.024110863920268955
ck_06aee5a62a67a84c,0.03902210590662997
ck_3428910b44b9d08f,0.028372057002195104
ck_c3ba7534cefc1de8,0.008109372870741429
ck_1f1273a67cbad5e5,0.5662539478443022
ck_124565a11b2f8bb8,0.0191884021508729
ck_38e46bc861e0165b,0.02632657792531039
ck_c8ad3f01319c065e,0.08259013668875206
ck_3f94a34f5038f7c1,0.7032450847306473
ck_cee56be5a502fbd1,0.166383454308031
ck_2b90b76cf4d162f9,0.007324135961070899
ck_884b2e463ff1d54f,0.002510386427135286
ck_fab4f2f8531b4827,0.029362190406142713
ck_4fc6256e0e60a926,0.008553270672901101
ck_0a2f8b2f8a5b6f02,0.0029840991774025064
ck_9c0deab8a8367c5e,0.001675829636340392
ck_d3a2a4c011fa2554,0.0039742057841311825
ck_4108b4038f762817,0.5850208017550047
ck_4df036e2aa7e1056,0.008987741064540762
ck_ec094eb1cbb3efc5,0.002512747532153688
ck_09f8f51bfd2492c6,0.006596451767920261
ck_b60fb9a10d6f4489,0.01830276571558998
ck_3638bc3388dbc1bc,0.07465230750569944
ck_7a58e0cc9943c39a,0.002987880837736789
ck_37dab6a0a536ed49,0.15095239058973736
ck_adc576690df5b33b,0.017254028177359448
ck_1383b2b1875000f2,0.007210964827404786
ck_43c1248db37a2eb0,0.0053983593566399556
ck_29c11bd68858e923,0.002179473799373451
ck_9401f9e11f65337d,0.01129748260166167
ck_ce5ed372b1a2ed6b,0.10758133160635089
ck_08b4619490e751a8,0.5025105441376282
ck_44b9125526acb05d,0.0075512389680412505
ck_ef1a1de20d2124cb,0.008933654430544372
ck_e5e2624b7fc89774,0.01765554129316178
ck_f5100511609b92c0,0.0019690268522277485
ck_64f3bb17101b7c42,0.008693548965924646
ck_ea1e5b5128ecba2c,0.0026890358557413877
ck_516163fcf04d5e77,0.008430039252246748
ck_7f9a748110d70005,0.004349516817415613
ck_d263b55f0a681cce,0.013008605625677516
ck_0e962eacf98a813e,0.006815976613288579
ck_0406931800e0e2e6,0.005128094463366056
ck_0e9b982afc88a3a9,0.9464410447748401
ck_8bbb625384edebd7,0.00298178658686159
ck_5eaeb87bf6207406,0.9588796667960902
ck_cc3318839c4b0745,0.005211381382125094
ck_08a0355d1f1890ef,0.006135821289307602
ck_af7ffd1a822460d3,0.1076446616259005
ck_2a09c7aa870edb6b,0.004005636882123987
ck_bc04f51c23290bcc,0.007006397593366761
ck_d3a8333cb389f4c6,0.00540373821312803
ck_88e3dd3039508332,0.01624569843896129
ck_b8c7771de9b57705,0.004206797224234679
ck_585ababa02383b50,0.008220006382841889
ck_e988c108754cee9c,0.01252817514266708
ck_4a691892d9d6cf89,0.010894919974771232
ck_7cdce37d895eefb8,0.013405440979110967
ck_483fb981a1fb4317,0.004093904859402835
ck_c1e5182bd99e0e35,0.6776252790460039
ck_9a1e3ec9a1839939,0.007147793553284401
ck_5c3f13de0dbd5086,0.006659052846489109
ck_f4f6f0caaab70040,0.003016113287774228
ck_791be3378dd7d64c,0.013956024084472104
ck_956dd784525f5886,0.016665138049112245
ck_098167eaf124c279,0.016767491112396997
ck_33ecff7914349ebc,0.009258786670458641
ck_e05d44e46c7174e6,0.007061289090008896
ck_1b2ce474fa6582b4,0.08137957050324442
ck_ab581082e8f72e3d,0.005744892468784774
ck_e63256667aa19070,0.013117108398148027
ck_f568772b6cb3febe,0.023298561234541725
ck_dd89a282375bbab6,0.04357911043202861
ck_a39d0bca345b492d,0.0028600611752972304
ck_d12d2924d0f7a64a,0.011052961541153388
ck_6a548da1728b5823,0.9610883608839533
ck_6d64193681d2a94f,0.12304365604484521
ck_ced6b6dcdc7c201a,0.005251454955220115
ck_d1b0699d26282871,0.018312762433121528
ck_58f757e40a9b8877,0.003922231284797714
ck_3272c2c4a37d5220,0.8073378756002079
ck_d94dfde9e03c9d1a,0.03157783461822544
ck_08a6d4903a7fbaca,0.010751216134738662
ck_6c72a36b05fa0f4c,0.022054528394493685
ck_dbb4bd4eda97255d,0.00869513323908271
ck_94b59bbc824b307a,0.0020555614576391068
ck_0229a07185f15469,0.009823489017781926
ck_11bf1039f8b3025b,0.00549532193602305
ck_36789ca11459131e,0.047692553721636104
ck_8572c5f5c1447c62,0.017535648309868396
ck_9e75c6641939f4fc,0.047773985294376035
ck_b45e47c39d4dc7bf,0.01604668848245863
ck_02903c48b6cfd65d,0.0035268083305479807
ck_b153386f1729de81,0.0032851239967394037
ck_36979996f33498f7,0.8887309700286412
ck_3c02d4dbbf6716b6,0.010564593894449706
ck_66c9a19963957531,0.027614082419843332
ck_bae8dae7cfd8baba,0.0025447236627574497
ck_bba0ccc6cd968680,0.018153432885649558
ck_3267fe3aac05c71e,0.003752987151410409
ck_40052cac10562cde,0.014762239117129896
ck_d973444855403e2a,0.009270037488602981
ck_012519bb095ad36b,0.9856173614784183
ck_ad7c256ea10c4a00,0.04804151040196129
ck_70a60e095e9b706f,0.003047885009151398
ck_f2734417c0db4ee3,0.003854546509226652
ck_9cb89cc3178e0172,0.026673558816633393
ck_779cc0f2de4d5488,0.09540371592027228
ck_35f8656bf93e3b3d,0.008387180202300538
ck_bdd8eba728800e29,0.018513927271746618
ck_002cf760d173f0f8,0.02370116775396448
ck_b046067c6ca3831e,0.002420143944571283
ck_a4a42d4bff8af645,0.004425983410142087
ck_bce253d2396681a1,0.010184136452891865
ck_00dafc060c8de32a,0.01324838382440253
ck_968a99e097ee78c9,0.04010205427798264
ck_66949171b387bb93,0.014635512687903201
ck_ad305286702b1958,0.0019241348881720928
ck_4732da7e0d2dfc7c,0.005164031326135675
ck_17a95bba77217d85,0.020989259835920464
ck_3e2516a3e35067e0,0.005561641831977703
ck_0b615ed566da1f58,0.018888031155727427
ck_d2b3ce1ebabe9f93,0.05061748159990874
ck_a892252e4e0c2828,0.006947307580764142
ck_cf606fd6ebfdf9bc,0.013229575996840326
ck_718865237134ebe8,0.003310989513135398
ck_878522cb775b904c,0.028201285337791
ck_9ed53de6ef779ae0,0.0022058135308107235
ck_3f16e2cd7e6874cc,0.007302987406303883
ck_3c59df37895ead2d,0.004799401473888743
ck_6821459b626d492c,0.002119576773075195
ck_11c7667920541587,0.023059357171844503
ck_23a016cf6b98d89c,0.09592101109834741
ck_7137eeb394d200f1,0.02420520014805997
ck_9c4886c5c90ddbdc,0.001988571529487192
ck_1422a7bf7756294d,0.9203996677328805
ck_7ebc5fa7f0d3b8f2,0.00804525878920631
ck_fcc2059a8d5c41fa,0.056853822742228735
ck_00ff7389d6a83e29,0.006813829552316085
ck_03129b41457795d2,0.008786339473717686
ck_38ba64efa7c38250,0.017804940632225316
ck_57a6b56b09bff24e,0.006641470262185499
ck_e3b3c5a80a567418,0.0038049061266517575
ck_fc40a16adfced018,0.0028956108719467516
ck_9d4b5e6b43bad4d8,0.00548337879071087
ck_61129937ee466b49,0.019393632690491717
ck_74112e47b8629c2a,0.05840869351428294
ck_b4703ee97f94d7fb,0.00317485841750332
ck_e560f720a988d8a2,0.7912103280112311
ck_708fea345f68037e,0.0025170631528036815
ck_25394c1b83e0b803,0.01184736499352782
ck_17ab24fe914ae44b,0.0025454330462058453
ck_16c501470d9bb006,0.0022536029732579035
ck_628f449e248c19b7,0.04058191561054875
ck_6d64190623dea714,0.00444393406722085
ck_504a45ee08db72b6,0.006019186620658562
ck_6cbb011e0c70bc7c,0.005108951045321274
ck_b3225a98acd04f83,0.006320090115381624
ck_aa37993f1c17cd1e,0.02315655651568172
ck_558cfe5f77a55a9d,0.006654144850005099
ck_0d0a1a021efea5b6,0.021947791016701013
ck_daf7aea023b7a8f6,0.03306225574699699
ck_d75f25184ece2b51,0.0023143861692939464
ck_466d4b5366c50b98,0.0029858195901818394
ck_88f27ab479063852,0.021383397596567284
ck_66779098e78c1760,0.001913997830999354
ck_b150fe4efb449b05,0.0035939161327218456
ck_9c3aa9f23d01fa1c,0.0060182657504141614
ck_6a01c375fc26705a,0.0021282291243161907
ck_002eb6552b504ea1,0.006324255168797902
ck_affa5aa0bff9bb0c,0.03159416644428909
ck_027614eeba8b1a4b,0.00809394285270976
ck_67e075c982add719,0.006835752953677746
ck_399b0d510be98bd2,0.010438800061388632
ck_e9b0bca7368555ef,0.007741324597895524
ck_59c29d9c57b4f994,0.006889040979422179
ck_37176850ed68831e,0.008009755951433255
ck_a0db4ccca08030c3,0.8455117846911948
ck_aa188e5c25f7f42a,0.0182878405702233
ck_7de6997178207800,0.0028121862685704397
ck_c729d19053387be9,0.02187441703888451
ck_f2d3e3d90608596d,0.14621654619918897
ck_2db3fb565e0211ee,0.003224465170453379
ck_bed8a480e27e911e,0.02126252298823748
ck_d7ad9921a4d25926,0.009527217642356058
ck_2a59f23fc5194699,0.046288346270229264
ck_63601a58a6120d8a,0.012277019893648008
ck_efd7b9e22c6317d6,0.014035423367853812
ck_9ab42875a0f95b43,0.020036144755559353
ck_85cb5033fca7c846,0.029668339753760965
ck_5249b223000915ec,0.016326840569039654
ck_3efb0e9bf25612c7,0.0038431487109098815
ck_678e74532ac19700,0.012770148595615002
ck_a980b296c95153f9,0.009385062008075887
ck_01ac687ce0d696a7,0.02921008445279951
ck_52e1418cf1aa9871,0.007061246507120647
ck_7d28da4f1dab09ee,0.3961866657927442
ck_010d0c2e6c1657fd,0.05862417733726001
ck_b524f7a2e752b9d0,0.009819906895200032
ck_cc447fcc24a0772b,0.7823625911959173
ck_2cb3c99845e572da,0.00507133051328356
ck_604c710141327a81,0.0056326478367847346
ck_8d5fa65717d2e0c6,0.01783224001490513
ck_31199510b40602a1,0.006151568279280895
ck_49e253ea12f4e922,0.022514352006405253
ck_780738e0d71e7e43,0.0029970317548376067
ck_2cd21137a07fdd7d,0.0075152438865574754
ck_5e021f2a3b66e256,0.02677416866284667
ck_efbc79246e32c66a,0.22509275659353242
ck_9951bd806c13c7fd,0.045039525169828135
ck_7a52674e2806d8f5,0.013384423017403424
ck_1a319e509f1efa1a,0.0026190125056643624
ck_c920901b9a4ba993,0.8644422857890598
ck_b71279e807d0b3a7,0.008206001600021877
ck_47e1032f490bb018,0.005995502284525024
ck_192579ecdca7ff83,0.00895402862802457
ck_b1496c474c4a3239,0.001970805836213552
ck_5e68ea2c5e893cf0,0.02725483705342017
ck_f2ecab85d4693b4e,0.005186110863764438
ck_89d7bfc81c3df597,0.013493532944626505
ck_7929284327667791,0.11943935481844907
ck_494ec63c5ce8e150,0.013959176882276122
ck_319b059bb2145586,0.019920668293779878
ck_ccb3767c239018c1,0.003260919436963878
ck_a1c7adfe26e09a8c,0.014665957718727921
ck_0e13c4f73818149b,0.01829452182402097
ck_c285a51ed6214f52,0.01788335914803896
ck_916784595f028226,0.06203363759614487
ck_6cd8e0196365c474,0.004440047175007748
ck_57b657aba4daffde,0.17823157347508975
ck_562c76a3753fc7da,0.30697733438421804
ck_66cfc1ebc9a513c8,0.0043332947918646786
ck_0f38d4aed68d7d24,0.23760011966594635
ck_d8ddf5e99f7859e4,0.012499033054025081
ck_41bc3efa0fca700e,0.07495019574509848
ck_40799e129fcf42c5,0.20775413527883124
ck_786f079389126e44,0.023913499642351194
ck_bb4c6b713eb0b978,0.2079089447919252
ck_4f01f7eac0efaba5,0.012649853184021934
ck_47d29c01b20cf69f,0.010867484145485759
ck_bf15a1f8d67a30d3,0.015655223255021243
ck_bfecad7586f65e4d,0.007458905937280392
ck_fc9f16df35190eb4,0.08634504776825555
ck_c09c914e416edd08,0.004531115831022546
ck_c54c5d8e4433b0f2,0.005006719586232741
ck_1694c28f44480e98,0.0042398278192583485
ck_1dcaa3078dbb7571,0.0018848521686335388
ck_af559f990c640e41,0.011395430816857576
ck_9b436162039a77d0,0.016716891169543762
ck_79d62ef181bd0cd8,0.01832382138261908
ck_23caafc2cd34242c,0.012292252123842645
ck_ffe2aa26f597e552,0.008136335045995622
ck_e6ffd0754ac08661,0.0021888735908232723
ck_beaacb4a783db21f,0.0029890252360213975
ck_9863bff41d24ce9b,0.008681068112176515
ck_323b9cc5c49f8ea0,0.8139165162017147
ck_ab3de3d3e41c2082,0.0019240735808941658
ck_35c93b2924900376,0.005817406288028173
ck_5a9d5f9901e37e31,0.017919987303909084
ck_782b0be796164335,0.004741733637397072
ck_11960b5f1c7a5e2c,0.016932448393569256
ck_9a66cb13a9884cc2,0.008549365587471377
ck_ba666a425930615a,0.002247689699417419
ck_40140bef4db73741,0.009382050933282166
ck_e05e91cc180063d4,0.24117166034329932
ck_c7f6f45710bc050f,0.003084557756897679
ck_055fb9f2e1c8c934,0.02793135908259911
ck_58bb02d98e2b9cd5,0.028273505188730223
ck_d9f8efa6a7800f76,0.003748958741944417
ck_69691226c68fd50b,0.36118952389594206
ck_6f2f0396e5b1c538,0.9750704345736333
ck_78bc3f1d0f35ea6c,0.009972344302119374
ck_2d5a6b6636a2596b,0.021795843759683537
ck_7878545739af0a73,0.002044943542383617
ck_03c4fa4f3ed3512e,0.00338985077482797
ck_1a9e51d092d62c84,0.7348600887310721
ck_9f3861940d8d873c,0.008361982820648326
ck_4684fdd61c6a0fac,0.008891322343850974
ck_715966f86d5c913d,0.003545700930170452
ck_77f293d44b4a3d2e,0.009841499902387288
ck_24dae044dc05f849,0.02138585163615036
ck_00b9818e2064405e,0.031106222913139508
ck_c1c2cb49c3c1b0f5,0.21947248258707858
ck_bed50fc64fbbf8ec,0.011360470081174311
ck_4f6ed5ea5ab7c429,0.004666766681384167
ck_458531c22ec2f9b3,0.01455768482832731
ck_51c50c4c443df31a,0.6643134845681061
ck_732d45bd578dc39d,0.006634254228661031
ck_783fe5bc20cd02db,0.03727648044836087
ck_7f188aaa63d1d442,0.0074874407821625254
ck_ef307a6aee38d1fe,0.64523195143669
ck_e37196b20968b73c,0.018447765536184883
ck_4ef9de711c3d93b1,0.012900304006251386
ck_17946516d5df71d7,0.002865640990523422
ck_3534be0f4efd313c,0.033282687680669665
ck_29fbabf855cabdff,0.0035707739660070675
ck_191673540d8486af,0.016260451529241757
ck_5f52728d777ff2c5,0.010654384742361928
ck_a045a19369016818,0.9853903906711731
ck_4eadbe7298b15e96,0.01113004226972153
ck_a3a0bd59729fe619,0.009114201904207713
ck_a1e77090b1c6ccf4,0.004523523387884393
ck_69ab9d4784eb77bd,0.010198353797610905
ck_baa47383ffd50f04,0.006161447708805596
ck_e35b2ed08b9e55a7,0.006641709818147805
ck_b6e3af0a5119d9a0,0.010605705652399957
ck_a7c1dabf3869772f,0.04136261344003965
ck_80b8fca67a14e0be,0.4612247785890765
ck_dd9c5f0c42878e67,0.0033506747192114396
ck_41ef7967faf5ce82,0.0024007753977908423
ck_a93560aa348d6225,0.027822615592061062
ck_ffe91d6f0bd93fc6,0.021462052002487294
ck_fbf630c960194033,0.0037083966320451654
ck_497ed60723283c0b,0.004716112804831108
ck_2a46b7ca55239413,0.012596703602627286
ck_1a4e5ace078dd782,0.007781911990772497
ck_616cc31910f5de50,0.007372718816620524
ck_0d65bc749eb42710,0.013618414731089786
ck_2408db62e4395ccd,0.024456243477152907
ck_5d7721930106dce8,0.02155161421310101
ck_e8a6acea22b20312,0.1549419597581306
ck_e2f792fae128b18e,0.04150188485570118
ck_e6d3ce445b86003f,0.0020827982918816585
ck_263334d722ecbc97,0.7148904042427255
ck_8c5b29f6666d4874,0.010659630407823674
ck_7ea0bf310fc20c7b,0.8851136015166826
ck_54d463f7fd89ec3d,0.009075225806730782
ck_79e45040dbdd6447,0.010808434769701898
ck_60b4d59953505682,0.7615566420260113
ck_fb00dd5021642507,0.02735807510210529
ck_f409ff994a210601,0.020133941297454057
ck_2ca0020038bfec58,0.6866384866268016
ck_adf84b9df54c3d80,0.02111889746207902
ck_942dbf632591b65d,0.013094860342288078
ck_454a7e4d859a3409,0.002336818985188384
ck_2139062d4569aa07,0.00403003534572237
ck_e949a0f4df0b3902,0.6428175449007097
ck_bb113e3e6716ed65,0.01665145410141585
ck_6a28ea6ce69cb869,0.06683780221908077
ck_7df9910af2bba21b,0.008467106863642536
ck_78aa4b731cbfe251,0.010688254248714937
ck_5839f5cbd8165b1e,0.00784207179051024
ck_7158ad9e58769ffa,0.03807222530911553
ck_acee218cbe61df69,0.021208395583519758
ck_f8dc8473c2772729,0.19441792004656
ck_f34c93a8173555b1,0.01998968013851919
ck_7cf301d075e4e709,0.006474041459509717
ck_b87e88ee5512ea17,0.0038993209663238286
ck_bed0c020b10afa3b,0.018434486380075697
ck_ca10102961f99eb4,0.005093387902616882
ck_393287947b5c8d79,0.010924250394430084
ck_2fe6cac002142f67,0.033587648945053394
ck_79c7f0d29b1db1cd,0.02688970040704547
ck_c735b643d3cbf67b,0.008502127665952717
ck_ea4332c8fe48e2a3,0.006136806116545346
ck_d39864119cdd460f,0.0034677628340250093
ck_3b963d6be2773861,0.0030067495715930684
ck_df39e3b8a9fd0bfd,0.699590424314137
ck_6236a461dc0d11a3,0.0025118850043737715
ck_475ebccca25e30d1,0.011190573816795616
ck_c10c8bcf5bcd516e,0.10216979126589018
ck_49ccc3716a564256,0.006547660914478179
ck_4e4f99102f6938cf,0.0034603913337045733
ck_a97b481ade6f7972,0.014918486004184175
ck_3fa559c679751b3a,0.012286382000160974
ck_3eba1fd2c7acc4c0,0.2644414912376547
ck_18c179b4afc4fccc,0.00935392449636115
ck_cc1c0b93d05b7d20,0.030076572396594232
ck_742f7c28ddd019e8,0.02605612762871084
ck_04470bc93b8a0d71,0.008422994517967578
ck_6e8f8ef7a03cc6bf,0.01720825609330037
ck_eb1ddfc353b4da83,0.0033016559855991003
ck_98831b57c7ca2e4f,0.0016725103750004737
ck_a6c7b8d6e8596d4f,0.008656083667722544
ck_cd7d24e3b095e96e,0.06937861406457634
ck_3f5ae4673a9f858e,0.0027073652149060207
ck_05f375fc8ae0afb0,0.007609571616779656
ck_1fc98436281ee39e,0.0036487394833155246
ck_6c48c58678f64bae,0.0019092132421521027
ck_8c95aeec6a4c75b0,0.00324078819564856
ck_364cde38958b7af3,0.1691637676939973
ck_85bf21aa1a00452f,0.005065328253827348
ck_796d3eaabc667c23,0.9668854278047725
ck_ac449ee0c315edde,0.003225486639855919
ck_6f9fd15ac6b163de,0.00198107783025791
ck_4087065be2a45ad7,0.09017910307024482
ck_ecf006bbc78ee3eb,0.18253236239647821
ck_8ca808cc5a49cb5c,0.008032525816901831
ck_94b90ab8b2dfb50f,0.016504293126575344
ck_59fd11b3232de9dc,0.8311767850763463
ck_67f3794d93e2dd67,0.2032559295078799
ck_b7f5acf5df1bb13e,0.0052609769146973
ck_fb04ecbaebb774bd,0.00779305363311482
ck_68ef3e7301c621b7,0.007921744394151806
ck_41406cfa209b6bda,0.0033674474151019033
ck_b0f8f5408662337b,0.0074020845163487396
ck_0d2901bfe585c391,0.14447476374711657
ck_3398551e81dbf3db,0.020467626279579515
ck_61c3e3e277629646,0.015914701652930133
ck_2825e34dd3e7ea2a,0.00522491759847925
ck_20d7571ba830009d,0.006080187811471084
ck_c98b16f9a72a6568,0.002129758874861147
ck_e7c8a9e4641eb9ed,0.002129835594781213
ck_254a7c97c36dab8d,0.010251512389289213
ck_e98429675b46272b,0.005065445280502294
ck_c2fc0ac460786d02,0.016004341390495815
ck_fba15647b3a140d9,0.009126365504286546
ck_15ce50f2704227be,0.022233654966115825
ck_8c748aaa4a4554f9,0.013248225345596193
ck_e00e82a9419ff086,0.01777380526567437
ck_832341c98254bd84,0.02030173611251222
ck_27466468d06db4eb,0.025355352303436513
ck_9d7b9e3ff1f3e71e,0.005646150162852572
ck_42c6973d3a6fe983,0.0021750662797113264
ck_877c85bad118bc62,0.021842131354066912
ck_75d2a2715259c4d7,0.05341208453462722
ck_37d3e5c681a2214d,0.21667840561026575
ck_bf285dd49f372de4,0.014825846529672
ck_a5bdd026fa9c50fd,0.008466332270730105
ck_88d9244a9cf7a77e,0.785214567009811
ck_5881b174e49b04ee,0.0023511428694026615
ck_5b16d67c5ea89930,0.010738599960140502
ck_b75b936aafac56b9,0.0052007236979168476
ck_aed2681e1646a0df,0.03633810989353523
ck_f63cb5e8cc702bad,0.015339260114778538
ck_1805fcfc4a9e4ffa,0.802354728328754
ck_25c355da356c730d,0.019159184263697306
ck_70396398e4a96449,0.0029068937057645525
ck_0f743bd13373748e,0.04325074183241169
ck_4b387765f0e916cd,0.0043719721243494864
ck_e971faae8a10a260,0.0031965874671560654
ck_9eb08369e983abfa,0.0032080746872491677
ck_c30c5844512e429f,0.02501485682550525
ck_59e77e3a81f1fa0d,0.010137448595455623
ck_ca4465f2b5c1a52e,0.9748873187823154
ck_c89b9ca398402f1e,0.0025824551127593184
ck_36e72ef9273e7a95,0.010023251253675085
ck_2bdd8616870e5e1c,0.003080156364642591
ck_216e87a41de22b5d,0.02831358954766191
ck_60f4fb44f5efe3a0,0.002712634905364238
ck_05652e8ace6ce6cb,0.002508822307733931
ck_8c136dc691e65695,0.002938123364256669
ck_a08f8dfadbdca112,0.00743965285665949
ck_bda4041a3e90d860,0.010671069563087549
ck_15dd3ecaa8ce0245,0.7982929063654498
ck_3e3c64b3b7876ce6,0.04869866128140795
ck_46225858a38b2e57,0.006214697078359659
ck_0cb9f54928f4feee,0.008808337345152663
ck_152671fbf8a9a78e,0.1347414664415329
ck_ee7a515e87d17d4e,0.024177070230858667
ck_f7276091bf513d22,0.11724693935861148
ck_4f05daf1cf0d5755,0.002981708917850397
ck_83a69c4a5d55ef19,0.03337584244440933
ck_c50fed2a7c9198c0,0.008621455548827544
ck_70d19d5650ddc8f5,0.021764816398295295
ck_4b4d99e443618904,0.011686447096459138
ck_dca0b6ca93311ca2,0.01779217105000227
ck_b7431d4706461ec6,0.008233943603876828
ck_7b59d22cadef3b05,0.09175971105713049
ck_53428573abcd606f,0.01576480718722613
ck_f538ab6aecf2adfd,0.0023417118319354435
ck_d321249fb065d2fa,0.03174616556975584
ck_72fdfc7e6d8e1436,0.0031182064568220998
ck_b52b99dad89ecdfb,0.011468518464201851
ck_d2d4282f9d256b3e,0.004355331853201764
ck_c8f2a1dd8a6141a4,0.0020869150067311082
ck_8d38747058d0aeea,0.7857919770667171
ck_3ac528caac74f563,0.023455263154589616
ck_8dbaaa00ad829ca9,0.015825443403393095
ck_7c38ec898f0fc21d,0.0032260739055929174
ck_8171ef803f5ff604,0.023469307330019253
ck_01a750db6fc1168a,0.2727055068843535
ck_ceb017baa26e98c8,0.018799999549223817
ck_e2c66c72cc0b0f78,0.01956783533627201
ck_8d9518f64b222416,0.004158835244209262
ck_804c5a1fa5753617,0.005672029465485567
ck_fca7cc9c42695453,0.003475944168813755
ck_3a632cdf2c19051b,0.004061132258244576
ck_b2b63ea65edf1dde,0.011426946508663442
ck_27b07021500ee841,0.009909048319183485
ck_9724718fe64c6557,0.9736283254605418
ck_2786cbc3e75ec034,0.30923483463579815
ck_d9c2622cb6df380b,0.013617879952023354
ck_ae1da8ee98e402a4,0.007834580493271561
ck_62967b91504149f9,0.0036137157052519553
ck_6b255bf68709109a,0.003347026857000136
ck_c55afc68421d85e2,0.01693183388265945
ck_7c7266f6ef2a8466,0.01471121521881355
ck_885cf685a9541190,0.9257290961443043
ck_1a4bb7d3d2ee3227,0.07082559545442166
ck_b4911c42f3bff740,0.001793284986243495
ck_66f9f78d4c6a3edb,0.014079887711049913
ck_49bdba9ee1899dfe,0.006357960394531341
ck_79b235d51718435d,0.014069592732690057
ck_d840db8cfe2ef6f1,0.004569046997185703
ck_610c7bcc1cd7ecb0,0.017142777343574236
ck_cf49b6544aff6c50,0.136075681327831
ck_de05f97c3d40dd1b,0.055949538445354365
ck_0302f67d75973dce,0.007194165071499066
ck_54c2604c9ca6256b,0.019316241039026127
ck_a1c88c0568f142d0,0.06371661697677672
ck_5d72ff6cc2963d1a,0.002699098631143191
ck_0446920a1004c596,0.010907513230486226
ck_71044c29ef071570,0.006924776281601831
ck_2122e9bb1afffef7,0.005756325020263866
ck_d1e3de178601d3c2,0.018789799704145585
ck_bec8324a3587ef04,0.0015822357467374804
ck_b616b6f45225f319,0.08178311764028634
ck_ce1e695884511479,0.024850637172299704
ck_a662b4bf900781e4,0.0017137124901593491
ck_b5a84c5547378c10,0.0026062337034270557
ck_f80af368cfc6cb7e,0.004365414329221586
ck_da3526ab6c5c884a,0.018723450255507205
ck_bd20be9a3392d79b,0.010277354859756229
ck_b8266dcd90cbfa62,0.004491482462694494
ck_ac84b33304362c06,0.013932415697419948
ck_794d8935a895e33f,0.03246894995122631
ck_8fea7d915259f1be,0.0025114561435648918
ck_7a1519ad5ff45312,0.0020563087630666994
ck_9bf3ce30b65f75c7,0.052825661009093874
ck_5f864d72d1eead99,0.05803550683998289
ck_3c48e0cfc2a58041,0.09681877675931565
ck_d902183f80cc81fa,0.0354180447337667
ck_539cb0d117db8cd3,0.0908486092893004
ck_28f530aec8e77130,0.023950765903897456
ck_e7d903c50d353361,0.6550083587974608
ck_d288b77d1e227970,0.019977676708534765
ck_017208fcc01b5d40,0.0063693976293465165
ck_7e3923d278a5106e,0.009562659547038926
ck_9700a00ff9e66216,0.00851424794071595
ck_5c36c78b7a4d138c,0.0420912998221061
ck_c457e9c9224b773d,0.02031331011450968
ck_1dfa91405d7e66bc,0.0034349075626813677
ck_f1d8a2695a575e56,0.006541873270116782
ck_3b92a46daf8d00d2,0.008898831864500006
ck_aab23b5470469649,0.007241002902647816
ck_ecdd01a391610d99,0.00491976861453067
ck_abd3aa292f8edb4d,0.040105276351832045
ck_7fc9a0776e1339e3,0.0048234965138841315
ck_c0389ebeb0e65cb8,0.0033646101555337995
ck_48d0fc4f6a2109fa,0.943285323354335
ck_571dee4f3336c7ce,0.009467801866860488
ck_4cedf26628c84f26,0.016776283497839706
ck_63356762d24aab81,0.014461089789034848
ck_2c5bc11bb7ae5d2c,0.7955474278747608
ck_6d26a152f900fee8,0.009274719004017034
ck_c972b0e781efed3b,0.0017280463087250488
ck_fa0ecbcf9a33d6ce,0.0020304611640991808
ck_fa3a766e49dc77ae,0.007625142662661635
ck_7baf1e55db0dc558,0.009820436286991373
ck_e8bc49e6494c1f37,0.0029583379257451165
ck_8ef1d05cc1e53e7e,0.04585631075845835
ck_cef2a485a77e0723,0.0032850525165910105
ck_228a583f23abff48,0.008414478126831436
ck_ac32c6e374782b27,0.0346727656230527
ck_b9485218cef413f0,0.0026404691980407334
ck_7f15503048915d6f,0.00443712998916179
ck_b62f5144db15ad34,0.042075549285309786
ck_917d82c552f95a23,0.01117029746314265
ck_fb4797045077bc6d,0.002767782009479344
ck_2cf8a44e041217de,0.013015243507636002
ck_b7dd681eb3d2ee38,0.002466578406387897
ck_e9e8cacd2fa35e79,0.03015445377081199
ck_342a79f91de5d1fa,0.047626515959367
ck_2c91f62c05685ed7,0.0030121608097877736
ck_e30cb64302939f38,0.011090225146325555
ck_d0e95b90ba86da10,0.008977835313327397
ck_1774faf414a5d49d,0.8869250434545501
ck_2401e8ff89e574fd,0.630870194800855
ck_0cd8802264e0a1ef,0.014622391575880744
ck_da84a0dfe947fd3c,0.004275941472591913
ck_c8affb27ba7fb5db,0.022019071332941027
ck_bc7ece8787ca7200,0.00477580399768907
ck_469a0578d05990c2,0.0050206873076353575
ck_eef67f8dea702338,0.018851679000014783
ck_4f490e379e9ded9a,0.002719705701109471
ck_354379de065a8ff8,0.006182023126279743
ck_5db1cb368bc41ac3,0.004738504522454076
ck_9b1c3742dd6fcb8b,0.018371717560431846
ck_63ce4f44c92d7143,0.2668449134489032
ck_e15e3390f5ed45f3,0.07364301385978467
ck_da645ea91d66aa6f,0.059640215000207566
ck_834ca727df855f07,0.06464023959760712
ck_e1d5ad20c737c745,0.0352764495819931
ck_ff8059ae5fa5f1ee,0.002930008420518678
ck_8bb9e75393954a1f,0.0018860756998511756
ck_4e1757d1347ab387,0.9848892732479829
ck_af3f74b1d75a5d95,0.04047546985284375
ck_6b1ab0742ff04c3e,0.0784357466642069
ck_f56073911c9f1ab7,0.003560122458121948
ck_51bd5f69b4fe0b92,0.88071372967909
ck_fc3d95030b81f416,0.0019083157276376453
ck_cf78169633a1600f,0.0019904669261458187
ck_ad7269eaa65c67f9,0.03009821176369289
ck_cc6d33890d47a6cf,0.03858055294487856
ck_bc8f31f4a2ffa1ae,0.005860496369826953
ck_720776a46e56dfa8,0.0061967121710783625
ck_e2d1f212f259539b,0.007101331229502251
ck_eaf6f7082c3db2bf,0.027890139082209314
ck_773efe58c6278c3c,0.03381996559179389
ck_c4a72c09f2fdacc4,0.012413929562222568
ck_8982888dd6611143,0.001893776771705709
ck_9d5049e195eda029,0.016873994556200873
ck_de58ef6f9fe2b546,0.01139428450391955
ck_c0b50c11e4f5adf7,0.028303805050268593
ck_ddaf228487858bb8,0.12966624793692932
ck_eb2323215ff70362,0.035037338525328116
ck_168c96a1a636ea15,0.008714884224444946
ck_9c46711b14d9eebc,0.002681885627706671
ck_de8af660806b97b5,0.0019666976124772372
ck_6ab83f45bf16eaa6,0.0024872295298460022
ck_bf2228a052815840,0.0039284338061922565
ck_3f943f20a9da9bff,0.01047862292256625
ck_3baae40454c00938,0.014723338730833868
ck_bc2e771a1d8d2dee,0.0180325177679374
ck_e55f5ca37f30ce8c,0.015241148857515685
ck_4ad5937bef176d89,0.0025478311991925353
ck_126531a9126c17c4,0.0024603755276808303
ck_7ec423cb56257516,0.011554622527084174
ck_54748ae0f2daaf10,0.02080916209573631
ck_ff24776280ceeeed,0.0026209941949177735
ck_3c3a1a1365741bba,0.0027462561024873895
ck_615277c8a4e2b18b,0.015131615290391398
ck_a96aaef34173aee6,0.6217792928582243
ck_bea56db7f3e930e8,0.003175326241840017
ck_ca491debd3b32a59,0.03434717873698602
ck_d9ea77f4114a389c,0.013765819659730023
ck_322ffda3332d08a2,0.011096702049558819
ck_c40ffefe4e30b001,0.02632760244049236
ck_3b1d7648d4580bef,0.004195384030866946
ck_23981a3261674131,0.00966824261187135
ck_11667f5b9fac7bc7,0.0020202488041993092
ck_646bb3c7be5f0817,0.008315933253373603
ck_ebd0a45712dcf07a,0.009729727188442682
ck_baf43bf1bd963f9f,0.029511936684515783
ck_e0ca2c819658f6b6,0.9713647565625869
ck_f0d6633d0834fff5,0.0194490207225319
ck_91081be0254878a5,0.0037118846670647467
ck_1325000bc7f35b5e,0.0024908149489535313
ck_c624b9063400fa3a,0.04058128386567273
ck_0ad6fa0e23c3bd0a,0.06352314081719412
ck_6ddb55b1f23c6cb1,0.006239561518767329
ck_dce1fb3acd65562f,0.00651106758993248
ck_a9aa389688ee5aea,0.009175811789651437
ck_5c5284c45d9ad8bf,0.015985046357547272
ck_9ce743dd3e92549c,0.013565995655074627
ck_8342e08cc2f9bcb7,0.010327556541417308
ck_25e551a0a8d2fcc2,0.01915391886885581
ck_d4fd0e438c97e0c7,0.0205900764081478
ck_ac7fe1c344190c50,0.016175078118477276
ck_ddd65711b5651f89,0.002363873021647895
ck_ec7406cb5cbc8f10,0.005373593403851885
ck_1c65e8d5be3b9c60,0.08011215110505346
ck_38ee42f15a573e81,0.036675560239970616
ck_0e5385c70c6de025,0.0045353209515801
ck_d3137f0f7629040b,0.005907494046085647
ck_9129c92c12e0c8b4,0.0023141155392316635
ck_c86520a00e50a926,0.02195752933835559
ck_87f82b2b5fee757a,0.013364491697410044
ck_643abfbd7548d0c9,0.017017111615069073
ck_be51f4e5e6b85768,0.08194973381717877
ck_132c16312f37810f,0.004559080055053262
ck_c78c096ca8cb33ac,0.0019945425841886716
ck_2ce5afbc014763b8,0.020129426057806685
ck_50ed8f4e7ae6710f,0.0051775306202971475
ck_5a4eb535c9a11993,0.0056876172023142026
ck_9b665ef46d785324,0.012325995824851077
ck_e066f71f8b296b7a,0.0030879311117636738
ck_560bc6017870ab06,0.00632785279390026
ck_fd78f8a8663646d7,0.006317813488525342
ck_4af5ec61ddbde1a4,0.006811275370142882
ck_c2ed04a9d218410b,0.00817290899877933
ck_2455d43bbdd2bb69,0.011058399948685162
ck_56eed7041add49a1,0.15094384533265984
ck_5f0be7b468a72333,0.004289079362420438
ck_19660cec756632ca,0.004139287149174336
ck_fb90408f4892a21f,0.0134572428223577
ck_833a65b86a5d9bda,0.002824436953209307
ck_2ac36e1dff211d38,0.022224218056462477
ck_c00e70606904539a,0.007201492038336836
ck_ba8affe4b9505a95,0.6709652026717027
ck_0c3dd22587b08018,0.02135643687537937
ck_618c4e5cfae99dcd,0.02780848340901721
ck_c9690baddfc4177e,0.001715924371102429
ck_59fae092fb0c4aa3,0.00894069874102545
ck_e03b7d0fa0b28f4b,0.003842691577659199
ck_d451d24c780b5884,0.005515384662648181
ck_e980d325b8dbb8dd,0.002353002346432605
ck_cff18e2d8c520272,0.002219319276785485
ck_a0e46b67e986ab56,0.013582516079590521
ck_3a469039a5b9d963,0.010420562638917224
ck_12cbb211ebd2b437,0.017062720814478453
ck_b8cdd6d6dccc4554,0.002626097316366112
ck_794ba5921cef50c9,0.01907144101650004
ck_2c7667f64edec2b5,0.011985082841741457
ck_7262b4e0c29c942d,0.005836122958236288
ck_5d818522cbfe2a54,0.028330922550847144
ck_de39c1947fb675ee,0.046385870655165286
ck_c021495606b4735e,0.008688478299932533
ck_1fc03ba33edd9e67,0.022747597680706822
ck_a6fe344bbf67f14b,0.007750429062995992
ck_963762210edc5694,0.029442973164316644
ck_d064428b7e7dc409,0.003617646202706334
ck_59be61b53d971611,0.01315880702000751
ck_ec8738ec663cd2eb,0.033224874768691265
ck_59d086fab5998646,0.0362739766404784
ck_bd32dd3b2cbb7888,0.9843353783735742
ck_ce0166addb93bbad,0.002700028239396023
ck_7c0fdfbb447cdc04,0.005482981734105485
ck_cb1bd7635968ed8c,0.08504254153447525
ck_66f94903177f20eb,0.014877614431192242
ck_1d7cd5dcbcdafd7b,0.29389722298605214
ck_5e418a7c04437b4a,0.020507970607765248
ck_631ea1ae91ab333e,0.015570705307974822
ck_0a8029e79a5ae7ce,0.028060284604008105
ck_c4cca8278bdad9b9,0.002453603885832168
ck_4dec3df58077a257,0.054303811113584156
ck_609c249edd88c565,0.015117170776534062
ck_02e5f9cbbbf2f078,0.02485622480330283
ck_32e486859130458f,0.8745975200898514
ck_21ed2ea6386c5a07,0.002201375316255041
ck_1242aa4496576a99,0.0034406941585318125
ck_475ea9aa6d3898b7,0.014349030272094557
ck_fe1b1adae3be70a6,0.7668797900346863
ck_c5414d7a8031d4f5,0.0022114145324020657
ck_ca1f6f01868e978f,0.007264740584308195
ck_5eff0208c74ec714,0.007950219864407967
ck_a315c9619a317609,0.02203514619535931
ck_2b87683c90acb852,0.018476839380508998
ck_7cd9f39c50748ed0,0.008132215965589495
ck_16a06d58d71935bc,0.13711765527386172
ck_d116e0e7c19b878e,0.7398670036154924
ck_931510e384b1d0cb,0.021414309862634522
ck_e7651fb87bb24132,0.0032185607481275066
ck_88ef9f85948e1a01,0.0024789527096932343
ck_17bf38d51115a8f3,0.0033539462792604897
ck_2659d1d3762a2825,0.008433381149043379
ck_a7285955e2852686,0.0114609075218975
ck_f2c33d5b65b321db,0.016449166453548988
ck_83e5979334345622,0.018783148426771847
ck_629537d8b4d0f395,0.008416973527410897
ck_72022008a92c9386,0.01243314570133212
ck_2973b8274f0bf69b,0.04127287567824135
ck_565e3418d2f4061c,0.01173818192286445
ck_54bb53b8f8ea32ae,0.9521803005230142
ck_af0a6540ea7a36b2,0.008170261864401795
ck_888651bfc2c8cf70,0.010438431897703547
ck_1dedcb48ac381a1c,0.16073035665586927
ck_f73273e220296be8,0.008455489026326115
ck_8424bf65223a5a9e,0.002595111814037011
ck_337b930fd149a696,0.008254250606913876
ck_8a4952de8a123ef8,0.0066688301726554
ck_884168153c9c0c81,0.005787170126814299
ck_fdda581aec411010,0.002321544835986131
ck_2b7cadbc8b180d32,0.6806806100820189
ck_8aa8b9968233a1ab,0.0034205290939360844
ck_0af18b3ce015d294,0.003107460492628103
ck_8dde670a735d1e90,0.02293347006432047
ck_62f46226f244139f,0.015402661423510922
ck_f948e8a8fdd79b4e,0.012903769926488357
ck_fa00aa0f3e859904,0.02285558288487621
ck_fc7935f784a4f249,0.0046093119192872085
ck_e7501307c0698e5b,0.009001458435204026
ck_549ed417f2834cee,0.037001409316655486
ck_fb2a35571ec719d4,0.4956395730238487
ck_25822068c86c856f,0.0032524955395609955
ck_8f35d229b62c8f23,0.004469432798674027
ck_bdcf049c1e7d0c95,0.0038574245120810736
ck_0aa9db36eb16422a,0.0026196275343001833
ck_42dcf92e9e016922,0.026249720746757892
ck_42341cf31c08c981,0.0037092838949220907
ck_0b20bfc515ba42a2,0.011553616613728506
ck_0ec820b670d48098,0.0032551411886021925
ck_1f0bafec397da8e4,0.031353588245721105
ck_82f07504ab59ed33,0.05966119142263485
ck_337b24a474010abb,0.9679816226316824
ck_703703bda38fdcf8,0.006636892066482892
ck_01e7960c63dca3a4,0.9316269264018416
ck_be5bd81e3715cb8f,0.8451407310363896
ck_197f8058cea1fbea,0.0023234767761619183
ck_eb3fb1106f2f1b21,0.03499653280758332
ck_658b4b54be09a4bc,0.9771418369494891
ck_266ce7ccf41ccc50,0.006312967392543901
ck_110608c3b03d4038,0.819815365910529
ck_1be8cb95d6d9bbf8,0.00491542337378411
ck_8e16a64a776afa82,0.4475152656851954
ck_34bd190d37eda534,0.0357089685231717
ck_4f521611ae14ae66,0.0029906740344149947
ck_d839798f9520363e,0.035847673931406615
ck_d1bbfd246c0ac9d5,0.02803573209446043
ck_f19030e6e85a6776,0.03401680123308931
ck_cdabe60ab59f9d5a,0.0045002348796069494
ck_bb84b2b30293f566,0.3808569188348716
ck_427b91925952cb40,0.04123621597418303
ck_1078b1e155b5b640,0.007987083113102792
ck_95fdc264eac72fa0,0.003646567271115525
ck_e35eb857c61548b2,0.8684224259321194
ck_69bd0b1abea7e1f0,0.07675446125479683
ck_59de511b20c842ba,0.021653678280186082
ck_168e7ea341a36b80,0.0022863096276561556
ck_4937cfa6526ea138,0.014567252276051901
ck_bb1a981306b750ac,0.03488642053429201
ck_f42a43e4c3f34ccd,0.0024983515569312323
ck_c7ae1d4b3ab38185,0.003278693067337816
ck_bd23cf9bba1dd33f,0.019388286569410586
ck_0fd826fad7ec7cd6,0.01450623743644247
ck_f143641bf3dd0414,0.01184613717970472
ck_ad6d48c20a3688a7,0.0053188133144960415
ck_7bda5b5b927b2905,0.06083530399908695
ck_a337eb38eefdcc88,0.036567133368889004
ck_403da2a2d800df9f,0.04362272019731588
ck_aa01d5aafde73d0a,0.0024968861576291773
ck_494954023f0eb309,0.013923843580022032
ck_1c6820fc38135ad9,0.02353845365215594
ck_0e0bab173622db9b,0.029839713548137796
ck_547090bf35a3b243,0.006628016074724458
ck_d69455220b21dc9b,0.0027751192355428733
ck_90b4ac695b9c6bf7,0.002464804749480212
ck_8d2afe17c0082e6a,0.028308264220418898
ck_926b81c0ba528eee,0.01260914488184863
ck_ce36b0c287bd198e,0.03359647154130911
ck_8026e017909aaa6c,0.002328170422502982
ck_dfba788f35d4c372,0.003379818780111298
ck_f09f9d0e0886e0c6,0.013983410100700106
ck_4ffe0366df388604,0.006380392368416372
ck_75bb521de55644c7,0.004299977910861948
ck_81a960fddf79ecf1,0.9360543057098567
ck_8f43459991ea511f,0.008025737918959653
ck_f878b68d66fbfd4b,0.0022587321252608844
ck_e84abfc0c747c9dd,0.9391996162311906
ck_3ad3fd3cceb56b66,0.8299445681785406
ck_7cf562578c7f158a,0.0043174478096881215
ck_f81a97d350397306,0.033852586033700165
ck_255d87b7fb40caa5,0.007614330883713454
ck_b3905153b9eee924,0.008978680191217493
ck_2c80a592fb4cd6a3,0.003552981044452612
ck_57deb202d4188a29,0.005775472879542219
ck_e3cb5f31d8e94448,0.9707600002645215
ck_0db62d5f7f75f80f,0.013676487665492471
ck_ced9163ea85589ea,0.09113627416371824
ck_e16528edc694fb33,0.9404493273318636
ck_78cc5ec4940fec3b,0.005932024325853965
ck_31742076e9a998f8,0.041650690957698425
ck_5ac335f02280271e,0.02072197139785901
ck_7cc2e091806cfa5b,0.02208927434485077
ck_3152c7115257f084,0.0072669415124555995
ck_ab1b9d019921bca7,0.009726358982672784
ck_c33a762d98f9b290,0.0023596745521536405
ck_b16a7c51b6f7a6b1,0.009149929468741633
ck_97402a153348e68f,0.015289535631228821
ck_95391029a21caa24,0.055975542192941416
ck_c2015a1200971fe9,0.02429572618357045
ck_ed4427962c68918c,0.952287927673615
ck_c5e4a17d3efb19a4,0.20245958801183656
ck_8aec3d3dd51517c2,0.0026530604834960514
ck_f5178a658225d8e4,0.0023737537860200014
ck_8594f165e95316d2,0.0031099031654176217
ck_f0c4aac04076a6dc,0.005454210704771758
ck_ac2f7397801036ef,0.014225340646688714
ck_d1ea4bcc407c7d5e,0.011979309065721396
ck_cce8b6657a538fe0,0.012825912281688478
ck_66d0c6d6b67a8d58,0.005972615407804815
ck_1a6b30320835e57e,0.012197773278170806
ck_8cd274cc85aa35d1,0.024971991419144347
ck_ada46085a78280e4,0.009181482351833404
ck_ce1b06623e4a815e,0.003696144245311324
ck_45e70c8a9686580c,0.026519978043934533
ck_0084d8ab6b1044f3,0.0036740996367705127
ck_a5f7b6fed6df2aba,0.026191950227579308
ck_94940d783e7988e6,0.00204682718542971
ck_00f9ca84d1d8ae7a,0.0074166822791835955
ck_0deb56f3f6452818,0.003056124174951019
ck_a58e900469dfc3f0,0.004136096772600252
ck_028c41b195280980,0.005565783328424018
ck_7661d7ceaeb19f97,0.00783604819082129
ck_6957905a65c47879,0.010484275108586821
ck_f7c6c26ef3c4ae06,0.014091749327544098
ck_8777beb11aabd66d,0.007313582355512165
ck_7db098a17374bbf8,0.9169711483699778
ck_66aeb00e44486cda,0.8097082651171543
ck_838c52cc1d315ec3,0.005476990788884703
ck_1745847cd4e5dc83,0.019562901540990406
ck_201687857ec8b3cc,0.011325488393649273
ck_81818169208a8cda,0.00978934175420524
ck_3303fd3f64632c7c,0.028519992489829858
ck_edf1096809e83ef8,0.002070821781648864
ck_235ce9603c7dccbf,0.07198005511295438
ck_9df7e153868bca13,0.0024498839155229135
ck_3cfeade2cf270fee,0.023237037990905523
ck_982b0bf2e2b6c4f7,0.002652145317478463
ck_faeb0da678bb86c0,0.0092403385509492
ck_e86ad2fe815b6ed9,0.04652933769372176
ck_70d69e5d1bb99e85,0.005549951690020654
ck_7e9a8924eab779e6,0.9591281644801729
ck_019d5891103e7da3,0.0029313646123783144
ck_14f0484b3817eda5,0.007445835256219978
ck_85de63d278f0fbae,0.002005401095583722
ck_ae91b4cff57fb3bf,0.01652199482247061
ck_2a6d43b9f883b78e,0.7305800164282734
ck_7a4e3d553e8ab5b7,0.08222132309729346
ck_fdf89dc69f700f84,0.07560643995658572
ck_f92e04024bf13558,0.0024248570535788582
ck_4a522ca2dc4831a0,0.001962346396427169
ck_68ba25dc3385fea1,0.040193116980808095
ck_22128a4f0d033422,0.018313133777122553
ck_5b52ee0a13c71590,0.004207600562556189
ck_59472d17debedafc,0.012293717304336583
ck_9dde2c63acda3ba3,0.00691869857631839
ck_7510b1023cd08531,0.0044026412344796585
ck_071ddaaf2e4e3671,0.007462748098321514
ck_1355db6f4010232a,0.00509261944058415
ck_0a7adc2f27f98510,0.01612603592233621
ck_68250033717cd59e,0.008474292538470426
ck_7c12de74de30b788,0.42055399228685975
ck_65491367584c730c,0.011171819028146736
ck_e9047964952bee70,0.01251320958579533
ck_5567779d6ba184eb,0.011146519817431148
ck_d6ea026357ec6477,0.007307372659571085
ck_cd7dcc884e283746,0.03234903548721744
ck_0bd77fea8ed75a15,0.00786351743720003
ck_e80883208e8d0453,0.008502242492575265
ck_2ad0ecbacd5acf8e,0.9311856726988281
ck_6c1dbee7e8fdd5c8,0.0151025782151396
ck_ee4d9a7449515908,0.0021490144882301276
ck_636111f7f030496c,0.0024326982283455435
ck_2c629c657f73941f,0.010154448406731888
ck_c1c9d3842d758420,0.04411892740113539
ck_e4df7faacdfe8c40,0.027648647330793724
ck_94e8142728e44380,0.012812941116494527
ck_765aaf42c5088545,0.012977505875880996
ck_e0f845159b6e6a4a,0.011762790626837135
ck_5bc07deb82edbad7,0.0025821532717587776
ck_713159c5c6a7a4d0,0.985753676700581
ck_b08afc91d9ca55db,0.016177156862788835
ck_a7bc323ffed2ea97,0.06295688580255632
ck_85ca825f905a34a1,0.015041570438800255
ck_33160c443d4b3f19,0.016269547085688483
ck_832d39c590a3ca75,0.8886527792917761
ck_7d1661a34164406e,0.9435025908099215
ck_c2466fc40fc9d5ed,0.9679895862290238
ck_ed0e776c0926ce67,0.03871729545462389
ck_cdd2ebeec75bfa69,0.5434834840885969
ck_d7877684c7923ec3,0.0023179872915624136
ck_7384d4d2406aabf4,0.018151994158618505
ck_b8e5244e650aa81b,0.010842516001024132
ck_25a1ea40b2d59254,0.003655500502732393
ck_b9e5b318ee4de68d,0.010190745262118921
ck_620d7ae27af83cea,0.011784952381181654
ck_40b4e264d1a12b83,0.9012361830877612
ck_b694c803b62862b3,0.02923432465712016
ck_cbeca201dbade3e5,0.024626289810566238
ck_f9b439c9161c3e52,0.00357992073470701
ck_9880410fcd10a28e,0.002610817733092163
ck_74928f5f91aa12b2,0.042519905900232476
ck_b6673bbe61d2680d,0.010691067321653484
ck_53c8315b5c30acb4,0.005020225489799475
ck_78f01d78ea79642f,0.010814980737071685
ck_8582490d6e365a63,0.010136913155445406
ck_af25c72d16299258,0.004243443955016222
ck_7905fe8e257b0449,0.1812355353794886
ck_0d16d9349e4a9e08,0.020504080186617025
ck_31b16b8848584e98,0.016465608943566083
ck_67207e3eecc02d76,0.01847999111218889
ck_e6b95ff91116a592,0.011904640975475772
ck_c08f622bcd6de6e7,0.013576758987470775
ck_f9a68da9e0f0bc85,0.0025371103248513576
ck_4072b59388976896,0.005737405016554876
ck_8ec86e853ad52828,0.029175449005611743
ck_4fecb87eaffd5cb5,0.008237591555530952
ck_d6880578428b965e,0.0763172131725656
ck_bfc82b3c1c9f2897,0.6031443372309292
ck_c340644176ca03e7,0.010352636853637348
ck_321e740066fb05c3,0.21406543567887573
ck_8929d2eb09872052,0.03543820922392658
ck_205c107cec528414,0.748362856620233
ck_e76db7d2562f9836,0.013935200569262996
ck_9ede51c8434cff6e,0.017766860004055366
ck_492e4b89c61b7b6c,0.006879996109051055
ck_9385f5a1eeebefcd,0.03691051457923368
ck_ee52c7bf88f952ab,0.01005995153815221
ck_d8116c34302021d7,0.0018507291154777569
ck_01645ea51972e99a,0.028037339756846143
ck_7b45ed23304a854b,0.007668679678450816
ck_2096d32f3d497ea1,0.04546325912220028
ck_dfbb2056f1ef7d3b,0.005189161221016045
ck_938ce30c864bc7df,0.003981778746628361
ck_ff30dda2c881a4bd,0.8135402527474629
ck_f88c79186a082beb,0.03712945550988237
ck_08c7bb0f9851cb76,0.07204676051934093
ck_2675e7a008e584a7,0.020945976126680442
ck_cbaf8a954281d4e3,0.9572349191815708
ck_8b24eadf6c72b30c,0.46939885157104283
ck_ffc8e3c1377d0706,0.0026085121604137495
ck_5b59e859bed5b40e,0.020217095256260396
ck_7b61717f172f9317,0.9281591041027355
ck_e5c30947b732f661,0.018420379985789777
ck_bc273f3ce79f7e1a,0.006315315476557429
ck_f69e93388b3028cb,0.09499964015424223
ck_3837ad850996ba60,0.011352702385169238
ck_36d78ff3bc033ee5,0.015467946979958017
ck_5e20953547ba4135,0.05510909106876556
ck_258d661e450ac870,0.08150841684536482
ck_1df66f537496ca59,0.016950347231591945
ck_361f535599110201,0.010629852876272296
ck_337e98c69f6e7886,0.010058131203351094
ck_d3d5b2717cfc3913,0.03146559913510062
ck_b1dba768dbe7affe,0.045817288878119734
ck_92d782bd9ce0d1e3,0.009705957887042685
ck_26bd0f8898afc8ba,0.002165734409978478
ck_7916e53daab36745,0.02257232400701709
ck_2caf553b31831a50,0.009928175104346388
ck_c6200734c7f9b2f9,0.9400102884028033
ck_cdc55623cb16e6a9,0.004523863273282019
ck_57849e15b61c43b4,0.0030045614770358355
ck_b7af9b2ee0eebbc6,0.04543233001766546
ck_00aa5fc3b3bc66aa,0.047415007788711196
ck_9929723f65636c7f,0.9726831774712699
ck_8f6cce9f69912983,0.00962343590387366
ck_c422ba389ff00781,0.001947729146188656
ck_9ec7f334604a228f,0.009018636647519802
ck_5d01200ba3341462,0.0074180801690990755
ck_2bf10be403849c9a,0.009212408131593304
ck_6ca018259f70858f,0.007149898971103896
ck_a54dc042ebb7c766,0.3651954797223374
ck_79da63fc100830b5,0.007494608694774233
ck_67ab6f9e05c85085,0.016117161373207307
ck_fa80da579ea9afc0,0.014200169500096449
ck_4339f86c87289222,0.7588515431056626
ck_a2299b4f530be0d6,0.08553029276042634
ck_19db0bf788697c2b,0.00916369935134088
ck_fa4211c4d826d830,0.0018969985467549553
ck_96100d5e8e051e91,0.0045084964720951285
ck_5c3a671883d58b3f,0.0025755771522533704
ck_2d9524787cfe1ab3,0.712791367667303
ck_47ab8e51e5b3a2d8,0.0026755750320624047
ck_c924f36bc1bbbaa3,0.009006037538954851
ck_5c58e7f8fd55e26c,0.01452099237235516
ck_a07e7409d6d5aa06,0.010842023049531111
ck_c8413898f5f7cb7d,0.0273676356916349
ck_577c816b41cab002,0.948757899230295
ck_9f7807ed64cdb728,0.04141677816151068
ck_495d814d6d6d521e,0.003377337602830614
ck_7aa8bc018c2b003b,0.00203603650301584
ck_7c3a6a82f3c3241d,0.014422045415488744
ck_487f7fbc290e4ae2,0.004876406519323197
ck_e556c4d36aadbe03,0.0037502444921408426
ck_7e6569a1b2455cb0,0.0018604702388527582
ck_de2924955926d046,0.032266482229899356
ck_73d60b4630e3937a,0.0023038835847548327
ck_805ee564bd35ef15,0.009514464054956605
ck_0d40961e47797027,0.0027602085931331946
ck_f06d00a4f9c87d80,0.002270051883797999
ck_5ef50fb07b6737d5,0.008799143028421956
ck_16541fc15683e21c,0.0027901847826913625
ck_09fd43f1b7e2eca2,0.0025888816173805437
ck_2a2c336a69b8d68d,0.006619692961384987
ck_2685f38930866af0,0.018479513165842083
ck_298278a9da874437,0.0031489668008479986
ck_00bd7803f2530c68,0.010547628673389023
ck_c2b4a1d8c0b6c1cd,0.002843936865826106
ck_2acb54ca20c3af6c,0.023051851424254133
ck_e3d4b6f681c783ab,0.01199817028714663
ck_f90293f1eba5d7b6,0.034331904150146794
ck_e69d27e8965df0be,0.0036556080013537733
ck_b7f5d10b427346ad,0.004356250123378422
ck_1ce20e4223a936b1,0.01171285452102672
ck_6b97d1ab90f6bdeb,0.008708944977114632
ck_e30e17db5473c7b2,0.0039583089059000934
ck_154c8efb19dee665,0.006536448548144026
ck_6f5bb0c930644cae,0.9861627042374236
ck_9e17699baa83d173,0.002233237765077268
ck_9693b1eb70880205,0.00607893756433233
ck_1e97899875bb427b,0.014830395635565204
ck_558a82590f65df69,0.0023971424004540624
ck_18df83242ff3cdbb,0.5611695892290218
ck_80ad4396e1084c68,0.014329737367421014
ck_0a993bc947bab61f,0.053598923791986074
ck_5c2d43ff841632f9,0.0077697524516078835
ck_6e4b99fb9725d9fa,0.008237249545931255
ck_e0983999ca26c19e,0.04027875249533064
ck_6573c4947cc8607e,0.03554754281714566
ck_d879d645d6e44207,0.007688528212610861
ck_1375ad9f10688e4a,0.0025169742199563335
ck_7501ebbf4e21f160,0.007873639291301363
ck_ca60d61cd4dc3bea,0.0025658967110597634
ck_ab9ea095a5c58b4b,0.011223927601867942
ck_23756522b58df5d8,0.0020162815857159714
ck_90bc176c43d85fd5,0.07088518405337926
ck_908b663b2dda94ad,0.008593125676878092
ck_4df2fb8e4b649e27,0.003702629065207351
ck_5615c6bbdef05291,0.06156305670926493
ck_b62f3e3185251f71,0.002156924030167561
ck_38d1a22850178f33,0.0029045401862863277
ck_5b3ba20c8bb1383b,0.007048193276112519
ck_5576ffc6aaf6f22c,0.0019789214993324055
ck_cf7a022178165e56,0.0042847661663952515
ck_f2c7a4c50e2ede96,0.016362100821678625
ck_285719c77eadf915,0.002265626901380953
ck_f2aa1b677619ab19,0.01354976155214635
ck_3830c58d841e9e69,0.3822237844278777
ck_32eba3510c8eac5e,0.0039685629884000165
ck_8955d7b9030d5eb5,0.009007504795205321
ck_6775e387dace7525,0.012213153919165184
ck_0a0cd7f4be606a93,0.022353604077768666
ck_a9f700eee5d638df,0.0048499244635888585
ck_3d7db96995745472,0.01473658231270128
ck_aeed557007d52e9c,0.0027640381406006157
ck_79b6a86830156b5a,0.017693693714798984
ck_6a1ff9d69466181c,0.9850554981064263
ck_f11b1565f986f5e3,0.014988569231014834
ck_4819327a78615485,0.018239766914148088
ck_3ed9e081959b2f5c,0.010627081586105477
ck_16af4be191c47d3d,0.0028104152020081217
ck_25122cc0e8b1a662,0.02903781870981114
ck_509c22828d467ba3,0.015055992869152648
ck_31109c899336348d,0.04688746480895858
ck_c51131e53baa59c7,0.0025311784746429936
ck_cf8ecabbc61d3e11,0.003722538068976778
ck_eb6baff0f85ba936,0.007951392381946766
ck_777669e2243204f2,0.6684380843174111
ck_ac0ea27e692acdc9,0.015147044955235786
ck_4c6ea04ce8ca9e2c,0.002965796049037679
ck_ca54b32fca7e94cd,0.004143104672280908
ck_4dfd8947f540eb24,0.006198243389446903
ck_95aff1fe27fb24bb,0.009316787926565012
ck_c7550723b90e5615,0.004355638712548444
ck_57b3fee69bdf85e8,0.0025461916245197386
ck_f823407ace7ff064,0.044432175185702596
ck_a69084a068bcc8aa,0.01715438052181985
ck_c7b17f7b24bef5d7,0.009593920750989849
ck_7c4e588f927c27c8,0.01273141588516496
ck_77fdac602d0c6f95,0.018242935664822848
ck_e963d8525018d072,0.015472019339775298
ck_6e8ebaea8f7bffaf,0.002202219178095589
ck_aa42976a31cb7770,0.006859384528144596
ck_22c862a496008c96,0.9834191170802136
ck_527550dd15f38782,0.014279245794087386
ck_b3ab3c210e2c7c19,0.017413843826008597
ck_ed9c56fdb9f45ddc,0.12218227539866948
ck_b53281da70defcfa,0.006456195160891509
ck_03009b721568ee98,0.006214072067387501
ck_3d9afd862b3f4053,0.08367976111437628
ck_ad3c4be96599554a,0.008901384759875576
ck_d1c787c27d50af49,0.021648491073128065
ck_c7a9c7b2eef46a99,0.003401047229238291
ck_53036d3c6c74446c,0.07803706436065298
ck_1b1efbd9c0964c8d,0.020961261420149025
ck_d66f42a269d5c1ed,0.033657750313924664
ck_fefc49a2b8ad993e,0.009680733454387472
ck_8b3b874249adece9,0.024245086595922064
ck_193d9c87ad3f1dad,0.0020583108819541736
ck_0c6a50d747593b7b,0.006680055019814751
ck_c830f3830875b47a,0.008092881800708728
ck_79e202f06d8dfe42,0.04141860977557035
ck_5c0fe988b8aa7fcb,0.11457550918711028
ck_a8382d8345f21e1e,0.006428684602482334
ck_8cb20053914692d0,0.01724192134088344
ck_1da2f69023ca4c13,0.002116977806493595
ck_38abb60995114f8f,0.022408343555836152
ck_f5791fd8fd8fd191,0.010940790472876247
ck_a4e6fc391b674335,0.6227179543976876
ck_bd771efb4a7e15d0,0.006396904830015479
ck_38ba4a6b6a292054,0.4049176376049428
ck_f7a07283345a0dce,0.0034775699449764693
ck_87dc484baaf5a23a,0.0023719999454913467
ck_c84ef83489badbfd,0.01383462530438683
ck_a397cd64ec5d644b,0.0025017885166621406
ck_7977135c2ff61e92,0.00815746409088505
ck_52174855b243a8b0,0.027578681541412842
ck_0f35e930d0614613,0.9720851577394489
ck_b170a7db522a0d6f,0.008165133425593728
ck_7af748a23775bd54,0.04308965225494206
ck_52f641c9ee6fda70,0.006284817137687501
ck_c3719a30414bbb4d,0.017229700488339807
ck_2baf214ad6bc0dbf,0.025746969715585315
ck_8b39d8aacfdd72b4,0.0029620024910249473
ck_d39b0152116203be,0.01624094231181612
ck_ed33f8a937f9c7c8,0.006411915981288282
ck_8ef97b55a5fd6ec9,0.0035092274995369827
ck_8247f008a14bd1a2,0.0029658652341867458
ck_f0d349d68249d5db,0.002581104523427395
ck_a544e766540861fc,0.060468798850043325
ck_9dfaca4c7c80b10d,0.0953275686018491
ck_7e5401c362b2216a,0.002101071121427806
ck_64ff60c073fdb6db,0.015367913015452405
ck_fc5ea49518e5d637,0.002365608446267168
ck_580f136ced341298,0.0028368028806161167
ck_9cbef9bc95449dca,0.005758364316976034
ck_e475a3b8ba870a7e,0.005114281417418865
ck_97e94708bcf43563,0.007136646936496084
ck_13f03ec785cbdae1,0.0033477295646278044
ck_152820d8817f478c,0.008166992099384087
ck_d20d4ba60eec9945,0.014408884071045663
ck_5c45968a805132e0,0.014350755821457404
ck_bebea2cf3063fb24,0.006591559110998938
ck_c3c69aefe7ea1d2f,0.02018154860644681
ck_02028b72f26fe855,0.012277222592225025
ck_dfadff70a58a9133,0.0017807464065734487
ck_6482ed4491bedcaf,0.006303435970849239
ck_754cd7b4a5ae3f94,0.018371860145734466
ck_3132857aec8485bc,0.0023246643376026235
ck_7ce4ca91b8f9f1c1,0.003160757474848599
ck_41938582f4351772,0.0032158676259145097
ck_f87d66946252476c,0.06071590420857305
ck_8053f1879a9b4e43,0.0036082469539425073
ck_93892e91387f5103,0.004303225703487435
ck_15254db133b28371,0.0735057982634724
ck_d557b9feb241b3ec,0.0026918690779217515
ck_71c3a8e4c12c989f,0.006174917620171699
ck_80e3041811033443,0.02481058501297203
ck_3380d60067b4634b,0.0021206066798357807
ck_a9c2cdc758df8510,0.02003330397419461
ck_3c0031d7514da17b,0.010795007648467993
ck_18d214b1418be39d,0.0046631077807481
ck_7ce768407fd48321,0.011767205773675824
ck_7a50abd42298133b,0.008162065692721574
ck_2db10f987d137582,0.02678954001175199
ck_e077d004cd1d80ae,0.010584119793282585
ck_1cb6dc67f9a321b5,0.011258967116936584
ck_b864f64101149c35,0.753054162124271
ck_9bedf54df9418e4a,0.00905382794355387
ck_c47e32c47f0e6578,0.039762233299740865
ck_71f382d5e338daa3,0.02420331939447179
ck_14b4bf7be6ac2b61,0.02152939400710832
ck_5c87eea1cc07cc92,0.02644228709321226
ck_5f445182829ef342,0.015941058156245844
ck_a5d7311291caaa54,0.0024720164643040688
ck_b7df99aecef385e6,0.019277287787004098
ck_3327a0582407068b,0.014241272619657335
ck_08dba09fd7dab896,0.01648413965268305
ck_f4ec334be5266378,0.012339972131139137
ck_240f7f894c5a86e7,0.003976862214617968
ck_a9d994554fc14a02,0.0016979339435106069
ck_13648cbd306eee6d,0.019714926578942915
ck_601edf9105b3c321,0.9838443632688241
ck_9527adac182abe57,0.693471943131389
ck_4e0e80f5cc271bf7,0.0023529464369945654
ck_96a89e720176b389,0.07917153843848015
ck_63560eec94b76d2f,0.017985369953799096
ck_c9c99e5b19aeced8,0.003412326097559766
ck_bc32655ee5ed643e,0.013304032461333683
ck_edccb5a93b741744,0.008173247969250699
ck_f786cbc987b70930,0.004210215231540025
ck_0e8f26536ccc8947,0.01721258539013648
ck_b87ef4b98cfcec4c,0.016806369730329947
ck_1a9235812de4b2c1,0.026338675427299008
ck_d1ed88ea4211ba4d,0.003340354106442677
ck_a4ddac49657a4450,0.020185918424575556
ck_d9ffca35188e49d8,0.011489180150415373
ck_3db73bbe03c3d240,0.0026859364118868878
ck_fffa0622344a36ab,0.0026794814698790706
ck_148c28df51bba5e9,0.8729116113506503
ck_076cbc25c8f15fc3,0.9372674655178898
ck_e5ca550b39ed45bf,0.879506139537721
ck_8dacf3a2061ca17d,0.00882955941831318
ck_2d7394afd61643d0,0.0031068190953164134
ck_e42206e91f6a1752,0.0025943373525746573
ck_2f4f94827984c426,0.008130599566849552
ck_edfe8e90e8f4366e,0.007606716953928533
ck_646b15f753e5e9c6,0.027448068221931243
ck_66600620149c8799,0.0031240305096733997
ck_4ff6fc70bccfba96,0.6663441279383381
ck_41af3729590c2484,0.010053985615403795
ck_920a48ba8c583e96,0.00540929678594803
ck_0253b3e7be021306,0.0028854525303651096
ck_2ae6949246ea2648,0.008991287857692256
ck_db23a5100f338d72,0.005563343297900702
ck_fcb2a559474c3493,0.006603124080243985
ck_0a4d7acd2a53cbbd,0.006437177326848942
ck_c5d62b2b7a6f3bac,0.9497825018645532
ck_cf59f4fc0ea690b2,0.016993211606140503
ck_837be8126bb19250,0.002012591844691256
ck_58955542edee1adc,0.0019310210150836355
ck_1b93381d8eea58d1,0.006948237533393198
ck_97b8e05d62abdc14,0.014753030602601875
ck_71a0d645744302a3,0.0041085363327609615
ck_a7b57882ab66b111,0.0033163767587710913
ck_65f76421be648549,0.014011978094688324
ck_b53ea8713d32ca7c,0.009825306125026034
ck_991c4c924a1d85ff,0.8119390207507318
ck_8432ccec1a4ec7fd,0.9751603498247124
ck_64c1633297f43788,0.0030906032805716474
ck_4291fd9c1161d8e1,0.015524069241917172
ck_5e98ed6391d9f429,0.012868211479054764
ck_c7baebe4549fdbb4,0.0339444159025839
ck_6e67225ba59fa5ae,0.013857260897051502
ck_719602def4d35fe0,0.0215624506667663
ck_bdee7c86f5ebe81f,0.011596169429448435
ck_8de38f8c7f91961f,0.03393699638121143
ck_b0b5bf9254700402,0.003123384351306524
ck_7b55d9bb1a250d4f,0.023140094816375224
ck_3954b7b0fd1d6614,0.0021600662870219335
ck_f29471fe7c818d6a,0.0021620269734559205
ck_9e65a8a2f587691a,0.007976828520008108
ck_eaec5f1a83b66eb0,0.14995371533025809
ck_004fe0daecbe2c1a,0.42849628161223113
ck_d17653a4a2d4a79e,0.04849557785362951
ck_0dd417fcbf19e424,0.015742880800944273
ck_4c99a6eadea143e2,0.0819197543079918
ck_74d602c907ee9119,0.0020532413926078316
ck_1aa87cb62acc0ac6,0.014026768048261484
ck_094974d75e29fb2f,0.046054841504227416
ck_5ef935ac3d4d3332,0.0084617713918338
ck_b26e4ae47c9107ed,0.7005346020900102
ck_396cea6f95186ad2,0.01681485758561332
ck_48446a9e8184c7d4,0.0034294382083477084
ck_31e1ede23247d56b,0.012673160615737042
ck_7afefa349b960a3e,0.007021741055136213
ck_f5e02a3432571b20,0.029802993152705726
ck_64eefec062592c43,0.011062656954150433
ck_a1201284122c141f,0.01904295978675422
ck_1b34c420a4c85a95,0.008402499327570378
ck_d637a011332ba67a,0.005784963814529068
ck_99c0004d8b7079f8,0.005301056312053942
ck_948517bad569b40f,0.0326988056174353
ck_a28d6b1601b472a6,0.013750637420651263
ck_a0b4209feb31f5c0,0.9867572215912427
ck_d6d2c1f6dfc455b6,0.7441379003210093
ck_3f9e6d356d3dd3cf,0.0025040623005756603
ck_d08e00c842b75176,0.00832766137343734
ck_bfdd232a7c5f2660,0.05476812207638988
ck_2cdad03ed069438c,0.04691289002317822
ck_42317c3eabd0a285,0.8375671053921717
ck_3eb73e56751c704d,0.01557351309943262
ck_ef33c04f4c9e3758,0.02246214397517268
ck_1dc23dc870f1773d,0.011108244011036052
ck_76091f357974a152,0.010381167411794933
ck_4d9eb75e8eee90fd,0.023025473913571258
ck_578f67e69e5d2cfd,0.0026944939289267745
ck_3a8ce1cc724229b8,0.002555541789737493
ck_a96887f841e80fc1,0.0347718207488942
ck_d2d4a8f4a9f2c33f,0.009153137449751322
ck_11f85bc705dbe036,0.014966776184679422
ck_7429b3f87528e335,0.005329003282240545
ck_26df74feac7ec51d,0.014148074845285033
ck_c78b2638fadd91ab,0.02355598620344982
ck_7eaad325abe3b50c,0.002292698182027223
ck_fd44e34af620e606,0.010022356653611373
ck_f99738dff854e25f,0.002251423889338635
ck_1ffbce3a239bb264,0.004119947028495654
ck_96c7d52ba0a766ef,0.013294263742881068
ck_cb1c00c300af3f9e,0.02159912566673809
ck_ec3d12848ced99f2,0.010456782069722708
ck_26cfd7c3c6c7bf69,0.007666637523504273
ck_7ae86b5a885affc3,0.01694437379816713
ck_3edaa94d28cd48ea,0.0069006730359446695
ck_3209c530c9812e39,0.004015247190420638
ck_ea62ebfc1f04b49a,0.04296306328304854
ck_5fc90b4668ea81bf,0.009611551755513318
ck_95654593cdebd141,0.002500347260979391
ck_958c0bd61820147f,0.026003533004667245
ck_8440ef1386c07194,0.007356809399322426
ck_8cd1b68dd74b1375,0.26271275015312623
ck_c9eb4df91ff07f2c,0.04614482389910008
ck_c29489366c01fe65,0.98028995944288
ck_c965fd6bec0f0ecd,0.023217469101759147
ck_84c402b23766e1f2,0.012142910301004301
ck_181f3dae03b87136,0.0216384758823747
ck_022a8ae79eb28cf6,0.923789116772032
ck_469c17407d17b706,0.019257592774914525
ck_1fcc5843f39148a9,0.0052274692544015035
ck_5debd55f361b2ddf,0.002899423921919173
ck_28cb9b03e89263f1,0.003205891028964065
ck_f067470743d3c7a2,0.027470597149873675
ck_d5d225ce41a1a762,0.006714895525815706
ck_15b4840922195ffd,0.0035121904505959686
ck_6bcfa37c717f19f1,0.030663594452935698
ck_8d501a0386c66be8,0.06094481962686047
ck_1a9d6190c57ea7e2,0.3326917931465486
ck_c49832eabdac5bb7,0.0021319337476923507
ck_b4331140b2e0d4aa,0.0028716741620021546
ck_5efbea1befdefe1b,0.03838518829125459
ck_72ff52c4824072ce,0.026782427663013763
ck_ec3715add8bbb6e9,0.0025412748583488703
ck_9822f8ed05335741,0.006763841825009087
ck_c3d7d3d12a1981a3,0.003906965225934972
ck_a115a7919ac5875a,0.012919122284812564
ck_4dd4ed23e0b927b7,0.19936968398521618
ck_4c76efcc1ee6762d,0.007422921582393676
ck_3ad6e7bf452c9b21,0.006527692671713881
ck_dcbab304b55a42c7,0.06398027444525325
ck_24b53090faf722cf,0.009233409943565233
ck_187317383400491d,0.0031276128044118016
ck_e07fd57565c94c28,0.02378312370677687
ck_740e760fdcd27835,0.004702359851328597
ck_d3796aebda1cfed5,0.8200378447816383
ck_e541967c681cb929,0.024266660207655368
ck_431118050b834dcb,0.0067064665868106915
ck_90f3655f0c8a0074,0.0024307818809355367
ck_13cd943777651aac,0.01910181967621809
ck_66accecabf3901c0,0.012945431887007891
ck_937f0da2306b2eb9,0.00557577563565915
ck_105b0c93573fd5b7,0.7798792354450742
ck_00480407160e0743,0.0036795113344327756
ck_e032068be7b77d15,0.009064537906641381
ck_991b7dfd69098320,0.0018832461289706268
ck_37d47cf0f34574a2,0.002739648060164957
ck_011551a596544f5d,0.0023949234342310805
ck_9acd98f4fe2d474e,0.06015801237637701
ck_7c88d3d377bb61bb,0.019034210589059145
ck_e2374c7136c964fd,0.016752756321973327
ck_2fa8f2577116e9ca,0.03633093447748719
ck_d07c5b0321c685ea,0.08494156338580419
ck_bc736114a31088a7,0.012689830905974721
ck_32bb42f9bff197f8,0.005425403747764405
ck_66267bbad1f1415f,0.9646832932298242
ck_19988702ccd79201,0.00700500707624277
ck_f473a03fbcdbc4b0,0.003084934931765397
ck_e3f1d85fa5d49396,0.00955872242418572
ck_c4402ea6291df271,0.017055564566937177
ck_243bd5ca8c4ae5d0,0.006229783821640861
ck_f271e855925e8d6b,0.04453557963814374
ck_e424148c6f2223df,0.0024076978448634235
ck_e4d0a9e1102a58b5,0.009294501132831295
ck_91c2a5fe69b9b1d1,0.005799124838432659
ck_5fd8924732fe403e,0.5065081069223367
ck_9a881d5433126ada,0.00402391069612135
ck_73cab88b29c7845d,0.016153788291623734
ck_5b5dea6476d4e182,0.015219516252803452
ck_ccccb17d2ca6ce94,0.024495623606609146
ck_cd1dc68e441222b1,0.9331845250539589
ck_8312c49b1431a406,0.007765474884107418
ck_25fea39897f2a559,0.00785784480251438
ck_f56200205280bddf,0.0161884146434038
ck_7336611650dcc088,0.004564155721770907
ck_590716322ff147ae,0.016760803177442142
ck_c82364d87875a1a1,0.015222361484987724
ck_fa4b60387d744fc5,0.0019347286648663704
ck_d841eba8906e9a15,0.006087904429870366
ck_d6df562a79b9d0d9,0.011113590770190519
ck_59a14d2564193101,0.002407481634727729
ck_8530158e3d7f59e7,0.005917252963816817
ck_ac68d707006c12a8,0.007704957586082079
ck_976fac1bb3dd8c58,0.03396041673054675
ck_f854fba8f4adae3d,0.06074642575220178
ck_b98e9c3ec6e7d1e7,0.008138870123616483
ck_803c0b4cf9d4bc1d,0.01638286908242001
ck_76997a33c3ea5107,0.0022287555896904287
ck_f1a9d832b700bda1,0.9725118019176877
ck_2bd96ddb8c323d63,0.9793697579386732
ck_9e5b7acf51b1b743,0.010968519531228942
ck_09169f22194fd6aa,0.03402815609781671
ck_6d69e092f9b0848b,0.030601281689967445
ck_9f83fa5a2d3b9049,0.01404577293084167
ck_57bbb19eecb4b87c,0.0036994185336860935
ck_e0e9cfabb979f428,0.011848533963946731
ck_b1ff9edc51d42f97,0.016653630873132753
ck_4682fad271d47eb0,0.8937764808151067
ck_ab33fb754c818ae3,0.026472749386817363
ck_b456f62b80e21557,0.0021853968185196223
ck_16340be3f2a7fffd,0.0018305033135831632
ck_ce66831f6611014c,0.006430153706397014
ck_4610a073bb54d1b1,0.023701062853380493
ck_fd038a7d33a9d6e5,0.0027765290053597437
ck_c8198cb4c461304f,0.041236567644733976
ck_1e7de58822000dea,0.006425564106159627
ck_b2a79dd3df560f14,0.04187762536278457
ck_74a06f347b32347f,0.00514507437988928
ck_c6fdb2972417c9bd,0.010937451507999314
ck_d7607a213b800bfb,0.03754693591856327
ck_df65967b8b40319c,0.0030135769660570985
ck_329a73dbd585ee09,0.0026754756048473372
ck_74991a9e85c3b07d,0.009926746102247974
ck_bb76609b79e0bc9f,0.008278834628798163
ck_f7fc1bd0b9ab1fa4,0.015451599992742381
ck_d111c98b36bdb791,0.005179237937727234
ck_f07e27d125497b66,0.04961781040397651
ck_093e3a7134e11d6b,0.004986701823735683
ck_862c7953bdea48b0,0.007912954741963123
ck_392cf2cdd515c34d,0.005632931134778532
ck_80eb91b0b4001084,0.031727195158687126
ck_5923f53b77193a58,0.133313336663549
ck_8049f5fce32be185,0.643324743823558
ck_ebc5a2c6cf88e252,0.03797324714199122
ck_9ea5872f14cce338,0.012269287868057095
ck_f7fbc95ebf584379,0.006336214637058711
ck_bafe82c870356706,0.9661546182663056
ck_278b36c5932d9bff,0.00216353413673431
ck_6a892dd5d05c1649,0.006091801650647789
ck_0734fd90b2cabd43,0.005975517966076143
ck_9b552204498b6762,0.019449936571126897
ck_f6c909c205767956,0.014339428759389757
ck_32f590e87bc3d715,0.0029817610771914467
ck_66a8325f28be7562,0.002332556710694228
ck_b129261da9c3c3c9,0.0032673944199291495
ck_a524071c51ddde20,0.0077689242064105015
ck_ba576d6d4cb6130b,0.045731468889184675
ck_8d8226520722af78,0.07156583777606544
ck_c5b0f0d4f1655a20,0.02415222389849779
ck_61814ae9b6d8eab1,0.002991998932848211
ck_382ebf136f7fa337,0.16938761953992895
ck_423ff4ede6a9f066,0.008292613148216811
ck_546ad962d04b7de4,0.9810734099444127
ck_9473ea4a01c95f9a,0.024622589674696348
ck_9eb1da8cd35a50ce,0.008859230437712407
ck_de5eaa2cdbcb67ff,0.051499111161359815
ck_537cc97d0398c922,0.04870979745544629
ck_998475a2e4dfad4e,0.003698173889824387
ck_e62eb708d2688fae,0.015331254716517414
ck_ea623358f704daa7,0.044173928782513715
ck_b911a09f328dfd4b,0.0027661519148132934
ck_4b3506b624e5193c,0.04389553959711397
ck_448456f96788713b,0.048952493015935836
ck_5d5ef9e75f65d076,0.01857663094210233
ck_3b74512f774a6e5a,0.0036705731266488593
ck_a032e8ac1507c6df,0.7912003479588505
ck_7e2d6b22a0ae20c2,0.04538784041790421
ck_d80283209c963f11,0.008112584911043556
ck_d1157eade2ac3975,0.01203197463749073
ck_be48f583f79427f7,0.014584286081802077
ck_0027b5d4107d65d8,0.02859479909636145
ck_94fff69584dd3b2a,0.012998600686133153
ck_75fcda73f0b43557,0.049256546600987036
ck_a1c78972e4ee4082,0.044495792981090895
ck_f0982bbdbd122f91,0.016642331554550888
ck_3199b471575aeb3a,0.0063079843626296945
ck_7fa947a0b1c1cf74,0.020576657168495247
ck_a60c618b7f0e4252,0.006223766389175747
ck_722ac47c8ac9b6c3,0.23999698457901691
ck_d44dc3839a195c8a,0.0318243168209686
ck_a2c3e82fab520483,0.023520160050112683
ck_6f8ae0319c07cafe,0.0025896453286899184
ck_49886ff1e2c759d6,0.018615844295347645
ck_150a1108f936e6b0,0.005807342834388437
ck_e21f9f96f597695b,0.009997078524200936
ck_7297bff2b7fdcbc8,0.0018234582000367441
ck_ee949c71f4f702eb,0.9028639900096312
ck_6fc37dea4b4f35c6,0.029350194075816786
ck_e76257caa98dc25d,0.9207576682070953
ck_828eef2334e17b3a,0.01988770158877595
ck_604e1b8a8c693aa7,0.008075541872619198
ck_7743c9fe037d1f9e,0.01166311065483815
ck_864a11202e19e812,0.11033231537326334
ck_4ec040b9e3785e4a,0.003497993251871568
ck_7346e4f820d9c00a,0.8872363199934252
ck_48d4d63beb26b623,0.006019963296108544
ck_c423aa6de3ed1e01,0.0062830200144076195
ck_d74b2ead8aaa3f73,0.019401430814792245
ck_1dd69a11daa7bf1a,0.029713060976592404
ck_d9143e236eef177f,0.006079451949315928
ck_f790d91e5ff0eccd,0.14850198980967286
ck_69b5620e00ef5dec,0.002220630601017172
ck_cd32e58e8a1c0e85,0.04319643082790406
ck_064013b0957d87a5,0.9845144874392175
ck_a481385c2e60dc4a,0.004436419977859575
ck_d72035cb29db3aa4,0.010260142910179414
ck_3759939a0205306d,0.006832340373752405
ck_f437a53fc832ec95,0.7860172781434549
ck_260ef2f3e6434819,0.04047773978808179
ck_35e411b05d22f663,0.006581451406110062
ck_8bf46e472f3e20de,0.07994163901884363
ck_d546994fc5d3e9d1,0.01641011088694181
ck_6ff0fc7487e737e7,0.10669011844390344
ck_5c67f27816ae0b6f,0.020203324235148607
ck_c5517923458106ae,0.010151804248391391
ck_d9735647a6b0b0a7,0.3045055376236267
ck_541a734fc457246f,0.02844625047775532
ck_2f6a639468f41043,0.006334870765025749
ck_bea2cf7a6b7bb900,0.012193702024866141
ck_7eebd0e6ad6c070e,0.013157413466989284
ck_b64c87d5e3b10e6a,0.8851053933978819
ck_9dd7daacb7833233,0.01797072440172612
ck_396e9ea9a6c6d7d9,0.0056082782932531565
ck_1645e6cc53fa99ff,0.011068828280205847
ck_ea2a83ccb8d57490,0.0033442342824309018
ck_e64f0df63e1be595,0.036776675416389355
ck_fa0b234481cb57d3,0.016107240497132858
ck_63379e3c9fe6f711,0.020062074572045004
ck_c67f7944896a0310,0.09057620650949846
ck_c10e54c9db29e6ef,0.9693116868052243
ck_7184ad7709ae4c80,0.016089169436567876
ck_f8b6069d7577fde6,0.002545692883115256
ck_18444be153bac1ca,0.8288464989044726
ck_d0982b4e0e118e4d,0.005119405286196898
ck_6faf3e6820398866,0.05147636759139264
ck_97e980463aca4644,0.0027678593546802055
ck_630c835243c66b19,0.9253795197904188
ck_fe429ba3e1aa0e4f,0.00717965693431359
ck_1058129ed7b48c59,0.010429893359195586
ck_04a1a46f07885296,0.012296129872120361
ck_f01e94331067edf6,0.008753944274436926
ck_77b2fb17c29f5e72,0.015118278152714212
ck_4f0c5857da45fb28,0.047777786155639886
ck_2cfb9a7775e8a5bc,0.9345462573946997
ck_6846100e43659bf3,0.0030019758132946084
ck_f89719a854fe11d7,0.013268757398531774
ck_bf47375e41ca3bc0,0.004490169271166634
ck_2770b0400a7bef08,0.04548510229576648
ck_2a09d142de1c77ff,0.011484320705390842
ck_857a1f5547b9ad68,0.01264358390214941
ck_185f15b1523bbcf4,0.004402087702557398
ck_ab2aed614ec1cdf8,0.017792998651734088
ck_a9e7f3b2d5dfd97b,0.0051438095727329184
ck_0eeb3d9b3e697edb,0.013156391699614528
ck_fa5830d81bc8ddc1,0.0028430757280060374
ck_231ae0329ebc3220,0.0029051536275058283
ck_1587763dd54688c9,0.01041122907707107
ck_9f85fea4490c00cf,0.008958712805361785
ck_a2d709e7eb91e4af,0.04824197631369923
ck_43637d28c7216453,0.003407455661166417
ck_f3ab5dd853d38252,0.024300309212833028
ck_4a1f0172d3bf4fd3,0.0059990175396133025
ck_517620ca16505af0,0.011648097490016808
ck_9ae904fbef56065c,0.0016927256881298057
ck_d5ef1f6e34bb35b8,0.02607330978222135
ck_ff42557857ae3aeb,0.0020681463010862287
ck_ad9a18f58589faa7,0.003489281051642871
ck_df1a6edaa3e6b271,0.006836827244867049
ck_99021fe7225b5a68,0.03383833849846786
ck_99e52c3c2530b69e,0.9807398957382144
ck_3a4811dc4a1a891d,0.0024727529589949806
ck_ba3a6be026c87079,0.00857045539569334
ck_da6d1e5cf6aba6fd,0.011320552998533743
ck_ddc7c1f3d45fe6e6,0.010790051263857996
ck_e1b1e7a7e4a15b3e,0.003240432992397179
ck_8288f7f226e08b89,0.006843989762792893
ck_c4524993ec31dbe5,0.0030429604714228764
ck_8b19bb5b23b6741c,0.011481033815108486
ck_d21b38231a8a9f4a,0.04006651611779079
ck_3f730318a9792292,0.011994702302899235
ck_a4db6e94a8f77f9d,0.018704698706885396
ck_a8cac8d480306839,0.0026898967754372554
ck_5472214011fbc2a7,0.005342874333442928
ck_7356f47dbbbe7904,0.0028791343840133318
ck_16801e628e883d78,0.015446572386461249
ck_0dc1e536231c4860,0.017748690938959685
ck_7cd0634a6e60af83,0.01366203491441614
ck_ef6f8e048ae1bd4b,0.007336492292200313
ck_82f3f744209888ac,0.02229485801617298
ck_f33188c232a03526,0.07526921693724634
ck_4a59f4e10bf45d7f,0.003239798285659602
ck_d96c893721385e4e,0.001901911877275934
ck_f65ab819373edb37,0.04206510643346097
ck_21cac21fc10b7768,0.007220371354006684
ck_139b54e6ccbdd7da,0.11256099385757837
ck_d6f5c8741697abb3,0.014368349714189932
ck_a28d9bb5590d458f,0.07062313707665899
ck_ed26d906883bea0a,0.019828905793639922
ck_227602ad072b838b,0.0021522878066364817
ck_39d5f6c17c745ab1,0.0025645966720887624
ck_744eade757ba69b5,0.019908181743363965
ck_c1295d97cdf35ec2,0.012107269714655691
ck_69105f881da3c821,0.009435172786350714
ck_933789b55361d7c1,0.6060579678516256
ck_b667952253503174,0.003617874421639978
ck_7bf668e25abeeb05,0.00902275796580851
ck_91742711dfdffd56,0.012610708954847987
ck_af32a0660090dd68,0.04192798195090378
ck_2122f201e65f76ee,0.008885628104328951
ck_f48acb73a5d6af07,0.015158500285125618
ck_337c5684510cf432,0.03526868137427908
ck_f7bde7265053364d,0.010730487710445612
ck_c190c7b924edba75,0.04868353547813378
ck_044fa3b3a003f0b5,0.013085457469176106
ck_87eb43e3b9d96169,0.037322722279812245
ck_2d3d6c9364362017,0.001891855889583381
ck_ac55dc6cbcdf8228,0.005647771095733
ck_61d7b0568ec5d6cf,0.017211377788205282
ck_89c74feeaffa7d09,0.0032701304160600657
ck_93776b0c113f41f0,0.07960649516552216
ck_15e0b679931f7a8d,0.010830523269307099
ck_77b56c49cfdb1d81,0.069040013867289
ck_73188a826b5f499f,0.007156538156919789
ck_4f463ef25325ddfa,0.20740737949447602
ck_863db2e394dc47d1,0.9399773563783118
ck_d52432ed597f3cc9,0.003801806749013109
ck_04fb61e5739642f8,0.1410962436538175
ck_2e481d75d110c06d,0.057057217990902576
ck_3fa1a523d77cd619,0.019178488599741705
ck_466dc6274fecd708,0.011085521206221258
ck_e1790b3aa2241b10,0.8728985037903693
ck_84ad096a46e1a960,0.024009359952744624
ck_3be72c9c178fa00d,0.022578444133449546
ck_5a17c89219d1d9fe,0.03950183811215449
ck_4f639f4ee6ce8d9e,0.047337992094217705
ck_f4ec4a935e51b4db,0.015036292034402873
ck_f04040a830f92bac,0.0031444965779622394
ck_3e4d02a04be2aaf8,0.005078654797697342
ck_4d1baef193cfb900,0.016357584511168657
ck_0fb3153d37626b75,0.0030888391241300295
ck_88ec57a11b11f702,0.9068713264360119
ck_dca9dc465f759db4,0.003986495847939741
ck_64f5fba6af67e024,0.007897844587943669
ck_896096cb167254ef,0.029201932835288564
ck_7878679065876b98,0.018961754301234018
ck_fe8e5a6c880ceb4e,0.009977745252847465
ck_a5e036327d3d1862,0.0017587239876010765
ck_310f73940fc4cf4f,0.015086820629643737
ck_46a8db16ad00b749,0.017551144612640287
ck_0d33977c3de8cfaf,0.9848667679225717
ck_c6fff412f531db0f,0.0026966844913748097
ck_bac6dadf428eaea9,0.02694701461003468
ck_1b96d9af0d7da2d5,0.0076957798349509485
ck_fa8a4a9e77799fcc,0.0029525186800502747
ck_0bf48607a874b4d1,0.0034718658533235735
ck_eeb75f8a6439f65e,0.010849789186750163
ck_a209a5f7d172125e,0.010363020811807618
ck_8f346b72fb40bf14,0.012113246547197382
ck_bccbf9fef367f00f,0.011016326866577855
ck_2d1548f1ee405cc9,0.0031861216871340602
ck_e8298ff2dc1e9d50,0.007934658953890134
ck_77c0fb524edb4a94,0.0067764147793794305
ck_28ac4c5134cb8e77,0.025396090843648817
ck_db23a0e3e54be60c,0.6885281322949061
ck_a059d00cee5cee99,0.0022517587661654887
ck_3e9e3bba8bd363af,0.003294543155275471
ck_0428728df24cdab4,0.007312764398340112
ck_88cd35378075c84f,0.002265578685959271
ck_0174d76398d9dc0f,0.005445374351108937
ck_3f1287e6c27de0dc,0.014662606761617411
ck_ff822700f3605e06,0.9662230813236341
ck_4563227b2038ae07,0.07881274686445996
ck_788e78065526ee19,0.016812086544995122
ck_8a16eb584093b12f,0.0024120424725362455
ck_cc276f71ab6c08fd,0.014454592104919672
ck_d61d97b21002f3e9,0.024237155861297127
ck_4b2e87d86a5e415c,0.013979414907308219
ck_3e6f35e4500d2f2a,0.0029178977440296604
ck_3acdb083e0d8ad61,0.0029515144388573217
ck_cd655202db489010,0.0023647412706044426
ck_829cbf5ccda481ae,0.012296985524166852
ck_f5882e6f98b8b4cd,0.002306642754307088
ck_767947540b234add,0.007983939613291639
ck_a6e8e8f535b1f1d1,0.034315983199335716
ck_58412a2674fea506,0.012914652390892034
ck_fae7e518a585fa61,0.01671817197949363
ck_9c60ae6958d68dbd,0.04321648267496442
ck_328696b8f5e54ec6,0.048452820715777105
ck_7df3f8f4f1068d62,0.004491009345133046
ck_cfadd21458230ef7,0.013204683962597885
ck_7048bedd554c703b,0.0027064559529410824
ck_50422466f145bfd7,0.00621085546224615
ck_61e1f7168cd9ff25,0.024801246742077246
ck_733aff0f56f5b3c9,0.02600239150838362
ck_e14892e424180549,0.002683407352262622
ck_03f6664a96de7d0f,0.010501978142708635
ck_b7f4baa2cc82fe61,0.008134330631181661
ck_1e51199a075ca0fa,0.005120382989553614
ck_0e70516fa07cfb17,0.8812678793361235
ck_0f37c554a5057801,0.5836668317563112
ck_5576b725de38d106,0.007242038294868451
ck_82f360df1e9f4eb8,0.01823417835234953
ck_395f3bd4aacd7ca6,0.00841644929497325
ck_5e8e857b63966609,0.22494737864871522
ck_93470896f0804b6b,0.8355306799095661
ck_3be854e42e76569a,0.0194169848210632
ck_0567302c57a2417e,0.06376509204023283
ck_ee535461b5f05539,0.8168623124957026
ck_94a096c36162a153,0.011725618137912768
ck_dfc8f5c141fd7c63,0.020273489263586346
ck_98b34f2d704c1c2a,0.011678286578752754
ck_96dff7a09d45f116,0.010457561255051305
ck_79557434c129ba52,0.002371015721325028
ck_4596624a7c01d501,0.007489487147098401
ck_04e89fbd739243fa,0.0025702010204105997
ck_6149ffaf18872dc8,0.0021380864457333803
ck_cd78f0832a09bd8f,0.827143763394259
ck_7e29c10d781c3b41,0.0074065058380665015
ck_1f7ee7b23fc6f2f4,0.003260700197514191
ck_c49b685d2b3ab89a,0.008475608992466414
ck_84569a8fc50e73ac,0.007049274432590571
ck_b92b11d205af91eb,0.0021945226077070942
ck_06280e6d6d2485b0,0.009140582610031233
ck_3c08546dd0c92863,0.00806586929661974
ck_99d3983f907828bf,0.0021059002337630505
ck_eccfd552aa652d3c,0.011067529396688498
ck_0cff8153881875ba,0.0058968423332720855
ck_c1aebbeca6ab5ff9,0.006806563303447438
ck_538fdbbb3c2bcbbb,0.0258053251794083
ck_8c0210322733c718,0.009110927343417653
ck_0b0c93039f987abc,0.006688851097027093
ck_6d07d6d1bd227d37,0.041012317771247676
ck_9b6ee35e8cd0b11c,0.002486115467047022
ck_d838491d3d4f5ecf,0.00478093844368592
ck_0593ae243a9ebee9,0.015484176140537747
ck_ef261fc09be8eb0b,0.004438501604943887
ck_d0935b571a4a3868,0.022147463705796372
ck_97d04a67a104af39,0.026491877289002756
ck_e25f70d0b7229420,0.014131331101618133
ck_9b71274ff83de482,0.8832913492058857
ck_6de2aa2bb60978d3,0.01414487793835741
ck_eda55c8fb47593d7,0.009223368222537368
ck_924e572517515f19,0.20082674752449367
ck_d6f27eacbad310f4,0.014146821991565778
ck_8550f229b5eb03ab,0.005176438574679905
ck_e3e95546a84d0ed8,0.013961110145629809
ck_3135c019696ee6af,0.8919600032236099
ck_41ba315d8fccb559,0.00945149619365187
ck_72b86e4485da2d0f,0.9690866831378069
ck_daaa995f3c2f0e47,0.01336202239573556
ck_053746067839696b,0.0178169673609875
ck_a15fe7d0f4b65c33,0.8256274783512803
ck_15de11438732bb05,0.007055810732819108
ck_2c4d25acbe3fabd9,0.0055825637570054
ck_7f08078908599bd2,0.040296082038840456
ck_e794741742fb2619,0.009167970068641609
ck_238e53b6dee8c301,0.002906671036960435
ck_53a6a33060d5c8b8,0.0032429836604153544
ck_0e0919292ad33472,0.8433067643848823
ck_d86ccf148c06c8c8,0.0692313628333226
ck_c881f26c9bf9ae42,0.45344932515356556
ck_4b0947bf94e9d847,0.013691756360476013
ck_e10ff5c38bd18470,0.005356246775425394
ck_b60de9e97aad9e45,0.9408768999012305
ck_190bc849e5ff5401,0.012181287237529557
ck_e7be077aa0b2632c,0.0033799777447974673
ck_a51abde881ebeff3,0.019545578961921724
ck_2208392a9f6bd249,0.024702064179896836
ck_0259da8f109017e9,0.002320039300491448
ck_05e01ab9c95449da,0.010661167140612125
ck_c82897ebffb6ae66,0.030799918297339544
ck_b4a6bb4689cd7cfa,0.020242663183121835
ck_9e21ea33018ce538,0.010085099117613593
ck_caa348f0e65db062,0.9663886123823591
ck_a964e6b5d8415334,0.19767552009782005
ck_510bfbbee37ff436,0.01836657055179366
ck_9741a82faf5c7889,0.07375182002319165
ck_e7f61b4a39ba98ac,0.0038955591233885965
ck_069d158665a53909,0.006605161888807294
ck_6426427efe3228af,0.015337401885846369
ck_ab4a8d02ec3c0fd7,0.001885636341930285
ck_aefa0d8d933e0eca,0.02013233683336344
ck_232325ef6bce92f1,0.010860079697290007
ck_14e58c3fb26a2b4d,0.015432166002895343
ck_06e73afdec26aecc,0.06995605685049931
ck_3168f4f2778d64e1,0.015364401578909326
ck_ff3998d6858daa21,0.00250806253202614
ck_bccff46fb0868454,0.13298203302143852
ck_c7d444d90fa86d7c,0.1905461223181581
ck_f0bc3bdee6bfbb94,0.008919142909318941
ck_f7112818a6d81422,0.021760388765396838
ck_aca35dbcb835ad02,0.006173393757984287
ck_f637fabf0f60528f,0.007079554549129165
ck_53d17ab97de1ac3e,0.0029024059074144646
ck_c8c1bf16d9113493,0.013892667085276745
ck_e842fb0cf055a83b,0.054231174339191425
ck_93c0cb3dac4891fe,0.0057941457169566404
ck_0c1f088e17e46daf,0.008988079540207684
ck_8f4b384955bf57c9,0.013236723850744338
ck_09cd5c4df1e81ac2,0.16769005544158083
ck_1e832a5b2342554f,0.023608641051781225
ck_2cb763a881aee27f,0.004343805608489181
ck_5875828b11406398,0.027163158906653773
ck_48e84b0cb0b90fa7,0.017935978222884095
ck_833688de8629c5c0,0.002479577512919096
ck_117d78ccd5820f36,0.015582940002566844
ck_668ec61c4c39cae3,0.002983583488133081
ck_73a7794b659d7a34,0.003776028866126857
ck_10f90d879209734f,0.013324852152855967
ck_d1d079913aa158bf,0.0037795468453516467
ck_01c631b38e8a9535,0.004307489763289275
ck_f6923088c17a04e2,0.04128245429793663
ck_b447badc9138987d,0.0033324739553885875
ck_8b772caed8f1541c,0.003449747571070851
ck_5403c76fe68a08ba,0.30756357490613867
ck_3e6833574edf1736,0.012103545408829089
ck_e527fbb9450a4581,0.8991451292074576
ck_cc90e219f1ebf390,0.003611066211537866
